"","SG_PARTIDO","DT_PAGAMENTO","VR_PAGAMENTO"
"1","AVANTE","02/05/2018",4695
"2","AVANTE","03/05/2018",2495
"3","AVANTE","12/04/2018",4695
"4","AVANTE","12/11/2018",2647
"5","AVANTE","16/11/2018",4184
"6","AVANTE","25/07/2018",120192
"7","AVANTE","26/07/2018",34743
"8","AVANTE","27/07/2018",944
"9","AVANTE","29/08/2018",945
"10","AVANTE","30/07/2018",2255
"11","AVANTE","30/08/2018",2403
"12","AVANTE","31/12/2018",2535
"13","DEM","01/01/2018",252
"14","DEM","01/03/2018",2511
"15","DEM","01/06/2018",5241
"16","DEM","01/08/2018",5497
"17","DEM","01/10/2018",1044
"18","DEM","02/03/2018",293
"19","DEM","02/05/2018",6288
"20","DEM","02/07/2018",911
"21","DEM","02/10/2018",4237
"22","DEM","03/01/2018",2633
"23","DEM","03/04/2018",2245
"24","DEM","03/07/2018",4009
"25","DEM","03/08/2018",2184
"26","DEM","03/09/2018",8875
"27","DEM","03/10/2018",10216
"28","DEM","04/01/2018",1274
"29","DEM","04/04/2018",3662
"30","DEM","04/05/2018",2344
"31","DEM","04/06/2018",6796
"32","DEM","04/10/2018",1912
"33","DEM","04/12/2018",1528
"34","DEM","05/02/2018",533
"35","DEM","05/03/2018",533
"36","DEM","05/04/2018",9792
"37","DEM","05/06/2018",533
"38","DEM","05/07/2018",1069
"39","DEM","05/09/2018",1513
"40","DEM","05/10/2018",647
"41","DEM","05/11/2018",1601
"42","DEM","05/12/2018",4769
"43","DEM","06/02/2018",1766
"44","DEM","06/04/2018",318
"45","DEM","06/07/2018",3578
"46","DEM","06/08/2018",6179
"47","DEM","06/09/2018",33
"48","DEM","06/11/2018",596
"49","DEM","06/12/2018",2210
"50","DEM","07/05/2018",9864
"51","DEM","07/06/2018",3525
"52","DEM","08/01/2018",5038
"53","DEM","08/02/2018",1730
"54","DEM","08/03/2018",687
"55","DEM","08/06/2018",1846
"56","DEM","08/08/2018",377
"57","DEM","08/10/2018",3698
"58","DEM","08/11/2018",9408
"59","DEM","09/02/2018",845
"60","DEM","09/03/2018",3173
"61","DEM","09/04/2018",4055
"62","DEM","09/05/2018",1226
"63","DEM","09/08/2018",2378
"64","DEM","10/04/2018",5605
"65","DEM","10/05/2018",7762
"66","DEM","10/08/2018",1950
"67","DEM","10/09/2018",1080
"68","DEM","10/10/2018",637
"69","DEM","10/12/2018",886
"70","DEM","11/04/2018",5855
"71","DEM","11/05/2018",3544
"72","DEM","11/06/2018",4162
"73","DEM","11/07/2018",5820
"74","DEM","11/09/2018",959
"75","DEM","11/10/2018",2883
"76","DEM","11/12/2018",9471
"77","DEM","12/04/2018",4725
"78","DEM","12/06/2018",1392
"79","DEM","12/07/2018",3161
"80","DEM","13/03/2018",2776
"81","DEM","13/04/2018",3896
"82","DEM","13/06/2018",3599
"83","DEM","13/07/2018",6464
"84","DEM","13/08/2018",2509
"85","DEM","13/11/2018",4259
"86","DEM","13/12/2018",2138
"87","DEM","14/02/2018",56
"88","DEM","14/03/2018",6453
"89","DEM","14/09/2018",3216
"90","DEM","15/02/2018",4991
"91","DEM","15/03/2018",2632
"92","DEM","15/05/2018",5717
"93","DEM","15/06/2018",2467
"94","DEM","16/01/2018",1811
"95","DEM","16/02/2018",1669
"96","DEM","16/04/2018",3686
"97","DEM","16/05/2018",9027
"98","DEM","16/08/2018",4625
"99","DEM","16/10/2018",1752
"100","DEM","17/04/2018",14846
"101","DEM","17/08/2018",994
"102","DEM","17/09/2018",3894
"103","DEM","17/12/2018",7760
"104","DEM","18/01/2018",7890
"105","DEM","18/04/2018",2549
"106","DEM","18/05/2018",703
"107","DEM","18/06/2018",2682
"108","DEM","18/07/2018",5478
"109","DEM","18/12/2018",293
"110","DEM","19/01/2018",2432
"111","DEM","19/04/2018",8517
"112","DEM","19/06/2018",489
"113","DEM","19/07/2018",3714
"114","DEM","19/10/2018",1578
"115","DEM","20/02/2018",489
"116","DEM","20/03/2018",3525
"117","DEM","20/04/2018",9390
"118","DEM","20/06/2018",12988
"119","DEM","20/07/2018",914
"120","DEM","20/08/2018",20256
"121","DEM","20/09/2018",2502
"122","DEM","20/12/2018",3835
"123","DEM","21/03/2018",3049
"124","DEM","21/05/2018",761
"125","DEM","21/06/2018",2766
"126","DEM","21/08/2018",1775
"127","DEM","21/09/2018",489
"128","DEM","22/01/2018",4906
"129","DEM","22/02/2018",4400
"130","DEM","22/04/2018",489
"131","DEM","22/05/2018",2829
"132","DEM","22/08/2018",3691
"133","DEM","22/10/2018",3213
"134","DEM","22/11/2018",2329
"135","DEM","23/01/2018",1531
"136","DEM","23/05/2018",956
"137","DEM","23/07/2018",759
"138","DEM","23/08/2018",13956
"139","DEM","23/11/2018",539
"140","DEM","24/01/2018",3805
"141","DEM","24/05/2018",1714
"142","DEM","24/07/2018",12688
"143","DEM","24/09/2018",11619
"144","DEM","24/10/2018",33
"145","DEM","25/01/2018",1709
"146","DEM","25/04/2018",8446
"147","DEM","25/05/2018",2766
"148","DEM","25/06/2018",7951
"149","DEM","25/07/2018",25652
"150","DEM","25/09/2018",12246
"151","DEM","26/01/2018",11198
"152","DEM","26/02/2018",2675
"153","DEM","26/03/2018",1404
"154","DEM","26/04/2018",7390
"155","DEM","26/06/2018",11029
"156","DEM","26/07/2018",2586
"157","DEM","26/09/2018",14818
"158","DEM","26/10/2018",2910
"159","DEM","26/11/2018",1055
"160","DEM","27/02/2018",20728
"161","DEM","27/03/2018",2991
"162","DEM","27/04/2018",22429
"163","DEM","27/06/2018",318
"164","DEM","27/08/2018",2452
"165","DEM","27/09/2018",2840
"166","DEM","27/12/2018",1384
"167","DEM","28/02/2018",9491
"168","DEM","28/03/2018",23066
"169","DEM","28/05/2018",11057
"170","DEM","28/06/2018",13185
"171","DEM","28/08/2018",12773
"172","DEM","28/09/2018",5430
"173","DEM","28/11/2018",12989
"174","DEM","29/01/2018",2384
"175","DEM","29/03/2018",4
"176","DEM","29/05/2018",16628
"177","DEM","29/06/2018",2456
"178","DEM","29/08/2018",5147
"179","DEM","29/10/2018",5717
"180","DEM","29/11/2018",23912
"181","DEM","30/01/2018",15186
"182","DEM","30/04/2018",3698
"183","DEM","30/05/2018",4290
"184","DEM","30/08/2018",318
"185","DEM","30/09/2018",2213
"186","DEM","30/10/2018",24857
"187","DEM","30/11/2018",2769
"188","DEM","31/01/2018",3284
"189","DEM","31/03/2018",316
"190","DEM","31/05/2018",1546
"191","DEM","31/07/2018",2544
"192","DEM","31/08/2018",2865
"193","DEM","31/10/2018",1218
"194","DEM","31/12/2017",44
"195","DEM","31/12/2018",12259
"196","MDB","01/02/2018",5330
"197","MDB","01/03/2018",10534
"198","MDB","01/04/2018",2675
"199","MDB","01/05/2018",940
"200","MDB","01/06/2018",8350
"201","MDB","01/07/2018",4510
"202","MDB","01/08/2018",11737
"203","MDB","01/09/2018",978
"204","MDB","01/10/2018",7833
"205","MDB","01/11/2018",6459
"206","MDB","02/01/2018",8785
"207","MDB","02/02/2018",5476
"208","MDB","02/03/2018",4721
"209","MDB","02/04/2018",3165
"210","MDB","02/05/2018",8840
"211","MDB","02/07/2018",10352
"212","MDB","02/08/2018",13802
"213","MDB","02/10/2018",9150
"214","MDB","03/01/2018",12789
"215","MDB","03/04/2018",9839
"216","MDB","03/05/2018",12214
"217","MDB","03/07/2018",11293
"218","MDB","03/08/2018",7856
"219","MDB","03/09/2018",10914
"220","MDB","03/10/2018",18047
"221","MDB","03/12/2018",9546
"222","MDB","04/01/2018",4539
"223","MDB","04/04/2018",10740
"224","MDB","04/05/2018",5241
"225","MDB","04/06/2018",7244
"226","MDB","04/07/2018",4166
"227","MDB","04/08/2018",1685
"228","MDB","04/09/2018",17160
"229","MDB","04/10/2018",10706
"230","MDB","04/11/2018",1852
"231","MDB","04/12/2018",11064
"232","MDB","05/01/2018",2540
"233","MDB","05/02/2018",8022
"234","MDB","05/03/2018",2476
"235","MDB","05/04/2018",3300
"236","MDB","05/06/2018",7260
"237","MDB","05/07/2018",3269
"238","MDB","05/09/2018",4570
"239","MDB","05/10/2018",10501
"240","MDB","05/11/2018",5259
"241","MDB","05/12/2018",13292
"242","MDB","06/02/2018",13238
"243","MDB","06/03/2018",2766
"244","MDB","06/04/2018",3587
"245","MDB","06/06/2018",4199
"246","MDB","06/07/2018",3911
"247","MDB","06/08/2018",4958
"248","MDB","06/09/2018",3522
"249","MDB","06/10/2018",2121
"250","MDB","06/11/2018",14856
"251","MDB","06/12/2018",1835
"252","MDB","07/02/2018",2721
"253","MDB","07/03/2018",324
"254","MDB","07/05/2018",1837
"255","MDB","07/06/2018",2860
"256","MDB","07/07/2018",3937
"257","MDB","07/08/2018",6246
"258","MDB","07/11/2018",4300
"259","MDB","07/12/2018",12459
"260","MDB","08/01/2018",3945
"261","MDB","08/03/2018",1696
"262","MDB","08/05/2018",7554
"263","MDB","08/06/2018",8058
"264","MDB","08/08/2018",4517
"265","MDB","08/10/2018",5603
"266","MDB","08/11/2018",7012
"267","MDB","09/01/2018",2367
"268","MDB","09/02/2018",7135
"269","MDB","09/03/2018",2766
"270","MDB","09/04/2018",5112
"271","MDB","09/05/2018",3503
"272","MDB","09/07/2018",2810
"273","MDB","09/08/2018",8198
"274","MDB","09/10/2018",10624
"275","MDB","09/11/2018",4751
"276","MDB","10/01/2018",1939
"277","MDB","10/04/2018",6117
"278","MDB","10/05/2018",5183
"279","MDB","10/07/2018",2235
"280","MDB","10/08/2018",6124
"281","MDB","10/09/2018",6824
"282","MDB","10/10/2018",5700
"283","MDB","10/12/2018",5454
"284","MDB","11/01/2018",2419
"285","MDB","11/02/2018",2757
"286","MDB","11/04/2018",3386
"287","MDB","11/05/2018",5288
"288","MDB","11/06/2018",4768
"289","MDB","11/07/2018",3559
"290","MDB","11/08/2018",852
"291","MDB","11/09/2018",5280
"292","MDB","11/10/2018",9263
"293","MDB","11/12/2018",3949
"294","MDB","12/01/2018",1837
"295","MDB","12/03/2018",2685
"296","MDB","12/04/2018",3946
"297","MDB","12/05/2018",1918
"298","MDB","12/06/2018",3896
"299","MDB","12/07/2018",2996
"300","MDB","12/09/2018",3818
"301","MDB","12/11/2018",2114
"302","MDB","12/12/2018",31
"303","MDB","13/03/2018",3213
"304","MDB","13/04/2018",2690
"305","MDB","13/05/2018",963
"306","MDB","13/06/2018",1687
"307","MDB","13/07/2018",6639
"308","MDB","13/08/2018",12167
"309","MDB","13/09/2018",24365
"310","MDB","13/11/2018",666
"311","MDB","13/12/2018",934
"312","MDB","14/02/2018",2762
"313","MDB","14/03/2018",8159
"314","MDB","14/04/2018",449
"315","MDB","14/05/2018",2428
"316","MDB","14/06/2018",3749
"317","MDB","14/07/2018",4003
"318","MDB","14/08/2018",6512
"319","MDB","14/09/2018",4428
"320","MDB","14/11/2018",5803
"321","MDB","14/12/2018",2769
"322","MDB","15/01/2018",6302
"323","MDB","15/02/2018",2769
"324","MDB","15/03/2018",6530
"325","MDB","15/05/2018",2982
"326","MDB","15/06/2018",3744
"327","MDB","15/07/2018",2752
"328","MDB","15/08/2018",7668
"329","MDB","15/10/2018",4254
"330","MDB","16/01/2018",2766
"331","MDB","16/02/2018",3069
"332","MDB","16/03/2018",7697
"333","MDB","16/04/2018",2492
"334","MDB","16/05/2018",2516
"335","MDB","16/07/2018",9429
"336","MDB","16/08/2018",4464
"337","MDB","16/09/2018",1181
"338","MDB","16/10/2018",3447
"339","MDB","17/03/2018",2790
"340","MDB","17/04/2018",934
"341","MDB","17/05/2018",3397
"342","MDB","17/07/2018",5757
"343","MDB","17/08/2018",7478
"344","MDB","17/09/2018",2610
"345","MDB","17/10/2018",5808
"346","MDB","17/12/2018",934
"347","MDB","18/01/2018",1837
"348","MDB","18/04/2018",1414
"349","MDB","18/05/2018",6282
"350","MDB","18/06/2018",2551
"351","MDB","18/07/2018",9175
"352","MDB","18/08/2018",5962
"353","MDB","18/09/2018",5012
"354","MDB","18/10/2018",3115
"355","MDB","18/12/2018",2114
"356","MDB","19/01/2018",636
"357","MDB","19/02/2018",11869
"358","MDB","19/03/2018",8410
"359","MDB","19/04/2018",933
"360","MDB","19/06/2018",3600
"361","MDB","19/07/2018",933
"362","MDB","19/09/2018",4244
"363","MDB","19/10/2018",3993
"364","MDB","19/11/2018",1974
"365","MDB","19/12/2018",2603
"366","MDB","20/02/2018",2630
"367","MDB","20/03/2018",4363
"368","MDB","20/04/2018",5999
"369","MDB","20/06/2018",6579
"370","MDB","20/07/2018",8037
"371","MDB","20/08/2018",2660
"372","MDB","20/09/2018",9359
"373","MDB","20/11/2018",9574
"374","MDB","20/12/2018",6162
"375","MDB","21/03/2018",3447
"376","MDB","21/05/2018",1173
"377","MDB","21/06/2018",12047
"378","MDB","21/08/2018",12194
"379","MDB","21/09/2018",6477
"380","MDB","21/11/2018",3315
"381","MDB","21/12/2018",1835
"382","MDB","22/01/2018",4509
"383","MDB","22/02/2018",5622
"384","MDB","22/03/2018",2612
"385","MDB","22/05/2018",4595
"386","MDB","22/06/2018",3561
"387","MDB","22/08/2018",4921
"388","MDB","22/09/2018",3815
"389","MDB","22/10/2018",4626
"390","MDB","22/11/2018",1297
"391","MDB","23/01/2018",2766
"392","MDB","23/02/2018",5605
"393","MDB","23/03/2018",7507
"394","MDB","23/04/2018",5326
"395","MDB","23/05/2018",2630
"396","MDB","23/06/2018",574
"397","MDB","23/07/2018",2492
"398","MDB","23/08/2018",7738
"399","MDB","23/09/2018",3111
"400","MDB","23/10/2018",2483
"401","MDB","23/11/2018",3149
"402","MDB","24/01/2018",933
"403","MDB","24/02/2018",1015
"404","MDB","24/05/2018",10692
"405","MDB","24/06/2018",823
"406","MDB","24/07/2018",10571
"407","MDB","24/08/2018",12580
"408","MDB","24/09/2018",5466
"409","MDB","24/10/2018",4628
"410","MDB","24/12/2018",2114
"411","MDB","25/01/2018",3967
"412","MDB","25/04/2018",3413
"413","MDB","25/05/2018",3807
"414","MDB","25/06/2018",8892
"415","MDB","25/07/2018",16139
"416","MDB","25/09/2018",9859
"417","MDB","25/10/2018",4774
"418","MDB","26/01/2018",116
"419","MDB","26/03/2018",5383
"420","MDB","26/04/2018",7810
"421","MDB","26/06/2018",1833
"422","MDB","26/07/2018",3071
"423","MDB","26/09/2018",2309
"424","MDB","26/10/2018",9021
"425","MDB","26/11/2018",8400
"426","MDB","26/12/2018",4021
"427","MDB","27/02/2018",10614
"428","MDB","27/03/2018",2404
"429","MDB","27/04/2018",4493
"430","MDB","27/06/2018",1384
"431","MDB","27/07/2018",13298
"432","MDB","27/08/2018",6082
"433","MDB","27/11/2018",3988
"434","MDB","27/12/2018",186
"435","MDB","28/02/2018",16618
"436","MDB","28/03/2018",4565
"437","MDB","28/04/2018",2354
"438","MDB","28/05/2018",4737
"439","MDB","28/06/2018",13169
"440","MDB","28/08/2018",11865
"441","MDB","28/09/2018",3598
"442","MDB","28/11/2018",5784
"443","MDB","28/12/2018",8122
"444","MDB","29/01/2018",4250
"445","MDB","29/03/2018",13483
"446","MDB","29/05/2018",13517
"447","MDB","29/06/2018",6461
"448","MDB","29/08/2018",6063
"449","MDB","29/09/2018",2280
"450","MDB","29/10/2018",11225
"451","MDB","29/11/2018",6270
"452","MDB","30/01/2018",2332
"453","MDB","30/04/2018",35067
"454","MDB","30/05/2018",2659
"455","MDB","30/06/2018",14726
"456","MDB","30/07/2018",2940
"457","MDB","30/08/2018",15605
"458","MDB","30/09/2018",15741
"459","MDB","30/10/2018",12863
"460","MDB","30/11/2018",38298
"461","MDB","31/01/2018",31695
"462","MDB","31/03/2018",18493
"463","MDB","31/05/2018",11171
"464","MDB","31/07/2018",30992
"465","MDB","31/08/2018",16463
"466","MDB","31/10/2018",13432
"467","MDB","31/12/2017",44703
"468","MDB","31/12/2018",6418
"469","NOVO","01/08/2018",33
"470","NOVO","02/08/2018",2135
"471","NOVO","04/06/2018",1794
"472","NOVO","04/08/2018",897
"473","NOVO","04/09/2018",1048
"474","NOVO","05/01/2018",580
"475","NOVO","05/02/2018",580
"476","NOVO","05/03/2018",580
"477","NOVO","05/05/2018",580
"478","NOVO","06/07/2018",600
"479","NOVO","06/08/2018",580
"480","NOVO","06/09/2018",602
"481","NOVO","06/11/2018",897
"482","NOVO","07/08/2018",22
"483","NOVO","07/11/2018",22
"484","NOVO","07/12/2018",2486
"485","NOVO","09/02/2018",3288
"486","NOVO","09/03/2018",250
"487","NOVO","09/04/2018",20
"488","NOVO","09/05/2018",231
"489","NOVO","09/06/2018",231
"490","NOVO","09/07/2018",259
"491","NOVO","09/08/2018",231
"492","NOVO","09/09/2018",230
"493","NOVO","09/10/2018",841
"494","NOVO","09/11/2018",269
"495","NOVO","10/05/2018",20
"496","NOVO","10/10/2018",2248
"497","NOVO","11/01/2018",3541
"498","NOVO","11/12/2018",1193
"499","NOVO","12/01/2018",1006
"500","NOVO","12/04/2018",2244
"501","NOVO","12/06/2018",600
"502","NOVO","12/11/2018",1268
"503","NOVO","12/12/2018",602
"504","NOVO","13/02/2018",2227
"505","NOVO","13/03/2018",2249
"506","NOVO","13/04/2018",953
"507","NOVO","13/09/2018",1192
"508","NOVO","13/11/2018",3047
"509","NOVO","14/03/2018",871
"510","NOVO","14/06/2018",3861
"511","NOVO","14/07/2018",2248
"512","NOVO","14/08/2018",2246
"513","NOVO","14/09/2018",2468
"514","NOVO","15/05/2018",941
"515","NOVO","15/08/2018",1076
"516","NOVO","16/06/2018",2248
"517","NOVO","16/07/2018",1132
"518","NOVO","16/08/2018",523
"519","NOVO","16/10/2018",1269
"520","NOVO","17/05/2018",2395
"521","NOVO","19/02/2018",2651
"522","NOVO","19/09/2018",22
"523","NOVO","20/03/2018",2899
"524","NOVO","20/08/2018",2281
"525","NOVO","20/09/2018",22
"526","NOVO","20/12/2018",1504
"527","NOVO","22/03/2018",2529
"528","NOVO","22/11/2018",2168
"529","NOVO","23/01/2018",1271
"530","NOVO","23/05/2018",897
"531","NOVO","23/08/2018",22
"532","NOVO","25/04/2018",231
"533","NOVO","25/06/2018",2518
"534","NOVO","26/02/2018",1271
"535","NOVO","26/06/2018",5359
"536","NOVO","26/09/2018",1794
"537","NOVO","27/08/2018",897
"538","NOVO","27/09/2018",1635
"539","NOVO","28/02/2018",2840
"540","NOVO","28/08/2018",1015
"541","NOVO","28/11/2018",897
"542","NOVO","29/08/2018",33
"543","NOVO","30/04/2018",1319
"544","NOVO","30/06/2018",5591
"545","NOVO","30/08/2018",513
"546","NOVO","30/09/2018",5897
"547","NOVO","30/11/2018",4556
"548","NOVO","31/03/2018",1905
"549","NOVO","31/05/2018",5791
"550","NOVO","31/07/2018",5590
"551","NOVO","31/08/2018",5631
"552","NOVO","31/10/2018",1359
"553","NOVO","31/12/2017",3212
"554","PATRI","01/02/2018",2349
"555","PATRI","01/03/2018",2349
"556","PATRI","01/04/2018",2349
"557","PATRI","01/05/2018",2349
"558","PATRI","01/06/2018",2349
"559","PATRI","01/07/2018",2349
"560","PATRI","01/08/2018",2349
"561","PATRI","01/09/2018",2349
"562","PATRI","01/10/2018",956
"563","PATRI","01/11/2018",936
"564","PATRI","02/08/2018",3114
"565","PATRI","02/10/2018",2169
"566","PATRI","03/07/2018",2099
"567","PATRI","03/08/2018",3339
"568","PATRI","04/06/2018",2099
"569","PATRI","04/09/2018",2169
"570","PATRI","04/10/2018",17
"571","PATRI","04/12/2018",2169
"572","PATRI","05/11/2018",2169
"573","PATRI","06/07/2018",1833
"574","PATRI","06/11/2018",936
"575","PATRI","08/06/2018",270
"576","PATRI","09/08/2018",5442
"577","PATRI","09/10/2018",965
"578","PATRI","10/04/2018",945
"579","PATRI","10/05/2018",1320
"580","PATRI","10/10/2018",4680
"581","PATRI","12/09/2018",9012
"582","PATRI","12/11/2018",934
"583","PATRI","13/08/2018",934
"584","PATRI","16/10/2018",936
"585","PATRI","17/08/2018",1890
"586","PATRI","19/06/2018",930
"587","PATRI","19/10/2018",1835
"588","PATRI","20/09/2018",1502
"589","PATRI","21/08/2018",1835
"590","PATRI","22/08/2018",934
"591","PATRI","25/05/2018",22524
"592","PATRI","25/09/2018",1913
"593","PATRI","25/10/2018",1872
"594","PATRI","27/09/2018",936
"595","PATRI","28/05/2018",3257
"596","PATRI","28/09/2018",50
"597","PATRI","29/10/2018",1872
"598","PATRI","30/05/2018",933
"599","PATRI","31/08/2018",50
"600","PATRI","31/12/2018",936
"601","PCDOB","01/10/2018",20665
"602","PCDOB","02/04/2018",386
"603","PCDOB","02/09/2018",2190
"604","PCDOB","02/10/2018",597
"605","PCDOB","03/04/2018",460
"606","PCDOB","03/05/2018",4150
"607","PCDOB","03/08/2018",2345
"608","PCDOB","03/09/2018",1200
"609","PCDOB","03/10/2018",1528
"610","PCDOB","04/07/2018",580
"611","PCDOB","04/10/2018",5195
"612","PCDOB","05/09/2018",3395
"613","PCDOB","05/10/2018",4211
"614","PCDOB","06/08/2018",2812
"615","PCDOB","06/09/2018",1623
"616","PCDOB","06/10/2018",44
"617","PCDOB","07/03/2018",3991
"618","PCDOB","07/09/2018",1199
"619","PCDOB","07/10/2018",1844
"620","PCDOB","07/11/2018",2695
"621","PCDOB","08/03/2018",1834
"622","PCDOB","08/08/2018",2763
"623","PCDOB","08/09/2018",1843
"624","PCDOB","08/11/2018",180
"625","PCDOB","09/04/2018",2695
"626","PCDOB","09/07/2018",1103
"627","PCDOB","09/09/2018",1518
"628","PCDOB","10/07/2018",2695
"629","PCDOB","10/08/2018",2523
"630","PCDOB","11/07/2018",949
"631","PCDOB","11/10/2018",1466
"632","PCDOB","12/07/2018",3016
"633","PCDOB","12/11/2018",1525
"634","PCDOB","13/06/2018",580
"635","PCDOB","13/09/2018",2211
"636","PCDOB","14/03/2018",933
"637","PCDOB","14/06/2018",1318
"638","PCDOB","14/08/2018",2695
"639","PCDOB","14/09/2018",2253
"640","PCDOB","14/11/2018",1559
"641","PCDOB","15/05/2018",2695
"642","PCDOB","15/06/2018",6131
"643","PCDOB","15/08/2018",657
"644","PCDOB","15/10/2018",1523
"645","PCDOB","16/08/2018",531
"646","PCDOB","16/11/2018",1727
"647","PCDOB","17/09/2018",3025
"648","PCDOB","17/10/2018",1883
"649","PCDOB","17/11/2018",2098
"650","PCDOB","18/09/2018",11357
"651","PCDOB","18/10/2018",1882
"652","PCDOB","18/11/2018",1968
"653","PCDOB","18/12/2018",4889
"654","PCDOB","19/06/2018",2695
"655","PCDOB","19/09/2018",1416
"656","PCDOB","19/10/2018",1196
"657","PCDOB","19/11/2018",1195
"658","PCDOB","20/03/2018",7759
"659","PCDOB","20/06/2018",2135
"660","PCDOB","20/09/2018",1350
"661","PCDOB","20/10/2018",954
"662","PCDOB","20/11/2018",1595
"663","PCDOB","20/12/2018",1703
"664","PCDOB","21/02/2018",25
"665","PCDOB","21/03/2018",933
"666","PCDOB","21/06/2018",1502
"667","PCDOB","21/08/2018",2964
"668","PCDOB","21/09/2018",1316
"669","PCDOB","21/10/2018",1777
"670","PCDOB","21/11/2018",1322
"671","PCDOB","22/02/2018",3203
"672","PCDOB","22/03/2018",2413
"673","PCDOB","22/08/2018",1706
"674","PCDOB","22/09/2018",1001
"675","PCDOB","22/10/2018",1378
"676","PCDOB","22/11/2018",1651
"677","PCDOB","23/02/2018",9814
"678","PCDOB","23/07/2018",1847
"679","PCDOB","23/09/2018",1008
"680","PCDOB","23/10/2018",3492
"681","PCDOB","23/11/2018",2124
"682","PCDOB","24/03/2018",1502
"683","PCDOB","24/07/2018",7084
"684","PCDOB","24/09/2018",1475
"685","PCDOB","24/10/2018",945
"686","PCDOB","24/11/2018",1842
"687","PCDOB","25/04/2018",580
"688","PCDOB","25/07/2018",956
"689","PCDOB","25/09/2018",6356
"690","PCDOB","25/10/2018",1460
"691","PCDOB","25/11/2018",1421
"692","PCDOB","26/02/2018",7265
"693","PCDOB","26/09/2018",3160
"694","PCDOB","26/10/2018",1263
"695","PCDOB","26/11/2018",1697
"696","PCDOB","26/12/2018",2622
"697","PCDOB","27/08/2018",1520
"698","PCDOB","27/09/2018",1134
"699","PCDOB","27/10/2018",1326
"700","PCDOB","27/11/2018",2253
"701","PCDOB","27/12/2018",3029
"702","PCDOB","28/07/2018",2306
"703","PCDOB","28/09/2018",3181
"704","PCDOB","28/10/2018",1596
"705","PCDOB","28/11/2018",2057
"706","PCDOB","28/12/2018",1139
"707","PCDOB","29/03/2018",560
"708","PCDOB","29/06/2018",2564
"709","PCDOB","29/10/2018",1945
"710","PCDOB","29/11/2018",1197
"711","PCDOB","30/07/2018",554
"712","PCDOB","30/08/2018",5216
"713","PCDOB","30/10/2018",2718
"714","PCDOB","30/11/2018",1915
"715","PCDOB","31/08/2018",554
"716","PCDOB","31/10/2018",1664
"717","PDT","01/02/2018",1984
"718","PDT","01/03/2018",1979
"719","PDT","01/08/2018",395
"720","PDT","01/09/2018",395
"721","PDT","01/10/2018",22
"722","PDT","01/11/2018",395
"723","PDT","01/12/2018",395
"724","PDT","02/03/2018",2998
"725","PDT","02/05/2018",20
"726","PDT","02/10/2018",2160
"727","PDT","03/04/2018",20
"728","PDT","03/05/2018",8016
"729","PDT","03/09/2018",22
"730","PDT","04/07/2018",2877
"731","PDT","05/04/2018",2010
"732","PDT","05/07/2018",2137
"733","PDT","05/09/2018",1080
"734","PDT","05/10/2018",4140
"735","PDT","05/12/2018",2138
"736","PDT","06/02/2018",1680
"737","PDT","06/04/2018",395
"738","PDT","06/06/2018",395
"739","PDT","06/10/2018",1080
"740","PDT","07/02/2018",395
"741","PDT","07/03/2018",395
"742","PDT","07/06/2018",3787
"743","PDT","07/11/2018",2475
"744","PDT","07/12/2018",3975
"745","PDT","08/01/2018",2129
"746","PDT","08/06/2018",2400
"747","PDT","09/04/2018",956
"748","PDT","09/07/2018",4108
"749","PDT","09/08/2018",4264
"750","PDT","10/07/2018",2632
"751","PDT","10/09/2018",50
"752","PDT","10/10/2018",4687
"753","PDT","10/12/2018",8108
"754","PDT","11/10/2018",1835
"755","PDT","12/09/2018",2582
"756","PDT","12/11/2018",22
"757","PDT","12/12/2018",3051
"758","PDT","13/03/2018",5788
"759","PDT","13/06/2018",2155
"760","PDT","13/07/2018",726
"761","PDT","13/09/2018",5471
"762","PDT","14/03/2018",6268
"763","PDT","14/09/2018",3277
"764","PDT","14/11/2018",861
"765","PDT","14/12/2018",5578
"766","PDT","15/02/2018",1148
"767","PDT","15/03/2018",933
"768","PDT","15/06/2018",1148
"769","PDT","15/10/2018",8992
"770","PDT","16/02/2018",933
"771","PDT","16/04/2018",4106
"772","PDT","16/05/2018",1148
"773","PDT","16/06/2018",1083
"774","PDT","16/07/2018",1148
"775","PDT","16/10/2018",1835
"776","PDT","16/11/2018",1148
"777","PDT","17/01/2018",1148
"778","PDT","17/05/2018",933
"779","PDT","17/07/2018",933
"780","PDT","17/09/2018",1181
"781","PDT","17/12/2018",1148
"782","PDT","18/01/2018",933
"783","PDT","18/06/2018",933
"784","PDT","18/09/2018",4408
"785","PDT","18/12/2018",2042
"786","PDT","19/06/2018",10242
"787","PDT","19/09/2018",3900
"788","PDT","19/11/2018",934
"789","PDT","20/03/2018",7252
"790","PDT","20/06/2018",6065
"791","PDT","20/08/2018",1528
"792","PDT","21/06/2018",1010
"793","PDT","21/08/2018",2513
"794","PDT","22/05/2018",3062
"795","PDT","22/08/2018",3654
"796","PDT","22/10/2018",5884
"797","PDT","22/11/2018",1732
"798","PDT","23/04/2018",5517
"799","PDT","23/05/2018",1831
"800","PDT","23/07/2018",2766
"801","PDT","23/08/2018",934
"802","PDT","23/10/2018",4615
"803","PDT","24/01/2018",395
"804","PDT","25/04/2018",1148
"805","PDT","25/05/2018",1354
"806","PDT","25/07/2018",6627
"807","PDT","26/04/2018",933
"808","PDT","26/07/2018",415
"809","PDT","26/12/2018",2859
"810","PDT","27/07/2018",1526
"811","PDT","27/08/2018",2551
"812","PDT","27/12/2018",7031
"813","PDT","28/02/2018",3073
"814","PDT","28/05/2018",594
"815","PDT","28/08/2018",1164
"816","PDT","28/12/2018",2194
"817","PDT","29/01/2018",5541
"818","PDT","30/08/2018",22
"819","PDT","30/11/2018",3173
"820","PDT","31/08/2018",1080
"821","PDT","31/12/2018",934
"822","PHS","28/02/2018",863
"823","PHS","28/09/2018",863
"824","PHS","29/03/2018",863
"825","PHS","29/06/2018",863
"826","PHS","30/04/2018",863
"827","PHS","30/05/2018",863
"828","PHS","31/01/2018",863
"829","PHS","31/07/2018",863
"830","PHS","31/08/2018",863
"831","PHS","31/10/2018",381
"832","PL","01/01/2018",13489
"833","PL","01/02/2018",13418
"834","PL","01/03/2018",11336
"835","PL","01/04/2018",11336
"836","PL","01/05/2018",12485
"837","PL","01/06/2018",11529
"838","PL","01/07/2018",14035
"839","PL","01/08/2018",14793
"840","PL","01/09/2018",16501
"841","PL","01/10/2018",17605
"842","PL","01/11/2018",15465
"843","PL","01/12/2018",323
"844","PL","02/02/2018",5426
"845","PL","02/06/2018",956
"846","PL","02/08/2018",23256
"847","PL","03/07/2018",51
"848","PL","03/08/2018",560
"849","PL","03/10/2018",22827
"850","PL","04/09/2018",2138
"851","PL","04/10/2018",404
"852","PL","05/01/2018",2782
"853","PL","05/02/2018",2299
"854","PL","05/03/2018",1941
"855","PL","05/04/2018",2265
"856","PL","05/06/2018",23327
"857","PL","05/07/2018",3279
"858","PL","05/09/2018",24485
"859","PL","05/10/2018",2347
"860","PL","05/11/2018",1473
"861","PL","05/12/2018",2061
"862","PL","06/01/2018",359
"863","PL","06/02/2018",1576
"864","PL","06/03/2018",1601
"865","PL","06/06/2018",591
"866","PL","06/08/2018",2500
"867","PL","06/09/2018",3051
"868","PL","06/11/2018",3250
"869","PL","07/03/2018",23038
"870","PL","07/04/2018",2784
"871","PL","07/05/2018",22275
"872","PL","07/06/2018",2773
"873","PL","08/01/2018",1910
"874","PL","08/03/2018",2983
"875","PL","08/05/2018",3687
"876","PL","08/08/2018",2914
"877","PL","08/11/2018",19175
"878","PL","09/01/2018",825
"879","PL","09/03/2018",2762
"880","PL","09/04/2018",2426
"881","PL","09/05/2018",673
"882","PL","09/07/2018",3718
"883","PL","09/11/2018",286
"884","PL","10/04/2018",12831
"885","PL","10/05/2018",183
"886","PL","10/09/2018",560
"887","PL","11/04/2018",1753
"888","PL","11/05/2018",933
"889","PL","11/07/2018",1833
"890","PL","11/09/2018",2112
"891","PL","11/12/2018",26191
"892","PL","12/03/2018",825
"893","PL","12/04/2018",183
"894","PL","12/09/2018",3153
"895","PL","13/08/2018",1835
"896","PL","13/09/2018",934
"897","PL","13/12/2018",1620
"898","PL","14/06/2018",2570
"899","PL","14/08/2018",1103
"900","PL","15/06/2018",933
"901","PL","15/08/2018",1502
"902","PL","16/01/2018",2811
"903","PL","16/02/2018",825
"904","PL","16/03/2018",2120
"905","PL","16/05/2018",3756
"906","PL","16/07/2018",51
"907","PL","16/11/2018",3004
"908","PL","17/01/2018",2369
"909","PL","17/05/2018",2403
"910","PL","18/04/2018",1833
"911","PL","18/09/2018",2138
"912","PL","19/02/2018",1878
"913","PL","19/03/2018",2403
"914","PL","19/06/2018",2570
"915","PL","19/09/2018",934
"916","PL","19/11/2018",2901
"917","PL","20/06/2018",933
"918","PL","20/07/2018",1833
"919","PL","20/08/2018",3667
"920","PL","22/08/2018",956
"921","PL","23/08/2018",825
"922","PL","24/09/2018",4886
"923","PL","25/06/2018",2570
"924","PL","26/07/2018",2439
"925","PL","27/06/2018",22307
"926","PL","28/02/2018",1795
"927","PL","28/09/2018",934
"928","PL","29/06/2018",183
"929","PL","30/03/2018",959
"930","PL","30/04/2018",1149
"931","PL","31/01/2018",19803
"932","PL","31/03/2018",190
"933","PL","31/07/2018",4328
"934","PMN","01/11/2018",1910
"935","PMN","03/07/2018",1749
"936","PMN","04/07/2018",25
"937","PMN","10/05/2018",868
"938","PMN","10/07/2018",13
"939","PMN","12/03/2018",940
"940","PMN","21/12/2018",19
"941","PMN","25/04/2018",9
"942","PMN","26/11/2018",1910
"943","PMN","26/12/2018",1910
"944","PPS","01/11/2018",19
"945","PPS","06/11/2018",30
"946","PPS","12/07/2018",959
"947","PPS","13/07/2018",933
"948","PPS","17/10/2018",1724
"949","PPS","20/04/2018",2763
"950","PPS","23/08/2018",3238
"951","PPS","24/08/2018",385
"952","PPS","25/10/2018",19
"953","PPS","26/11/2018",1910
"954","PPS","26/12/2018",1910
"955","PPS","28/02/2018",863
"956","PPS","29/03/2018",863
"957","PPS","31/01/2018",863
"958","PPS","31/10/2018",30
"959","PPS","31/12/2018",1257
"960","PROS","01/07/2018",1564
"961","PROS","01/08/2018",1071
"962","PROS","01/09/2018",2723
"963","PROS","02/07/2018",1030
"964","PROS","02/08/2018",4170
"965","PROS","03/07/2018",6258
"966","PROS","03/08/2018",934
"967","PROS","04/07/2018",5054
"968","PROS","04/09/2018",1502
"969","PROS","05/07/2018",2138
"970","PROS","06/04/2018",1592
"971","PROS","06/06/2018",2336
"972","PROS","06/07/2018",2766
"973","PROS","07/08/2018",8019
"974","PROS","08/08/2018",2628
"975","PROS","09/04/2018",939
"976","PROS","09/07/2018",6386
"977","PROS","09/08/2018",5151
"978","PROS","10/04/2018",7470
"979","PROS","10/05/2018",1252
"980","PROS","10/07/2018",3045
"981","PROS","10/08/2018",5074
"982","PROS","11/05/2018",7481
"983","PROS","11/06/2018",840
"984","PROS","11/07/2018",4007
"985","PROS","11/08/2018",2077
"986","PROS","12/06/2018",40
"987","PROS","12/07/2018",8705
"988","PROS","12/11/2018",21028
"989","PROS","13/06/2018",1275
"990","PROS","13/07/2018",933
"991","PROS","14/08/2018",849
"992","PROS","15/06/2018",3429
"993","PROS","15/08/2018",2534
"994","PROS","16/04/2018",3425
"995","PROS","16/05/2018",2519
"996","PROS","16/07/2018",933
"997","PROS","16/08/2018",4626
"998","PROS","17/04/2018",2349
"999","PROS","17/05/2018",7404
"1000","PROS","17/08/2018",7747
"1001","PROS","18/06/2018",2111
"1002","PROS","18/09/2018",1496
"1003","PROS","19/06/2018",3521
"1004","PROS","19/07/2018",1305
"1005","PROS","20/06/2018",15038
"1006","PROS","20/07/2018",2766
"1007","PROS","20/08/2018",5839
"1008","PROS","21/06/2018",3666
"1009","PROS","21/08/2018",876
"1010","PROS","22/03/2018",2680
"1011","PROS","22/06/2018",1729
"1012","PROS","22/08/2018",2432
"1013","PROS","23/04/2018",2852
"1014","PROS","23/05/2018",1683
"1015","PROS","23/08/2018",6503
"1016","PROS","24/04/2018",1417
"1017","PROS","24/07/2018",6113
"1018","PROS","24/08/2018",2745
"1019","PROS","25/04/2018",3152
"1020","PROS","26/04/2018",933
"1021","PROS","26/06/2018",1771
"1022","PROS","26/07/2018",933
"1023","PROS","26/09/2018",539
"1024","PROS","27/04/2018",933
"1025","PROS","27/06/2018",6497
"1026","PROS","27/08/2018",2114
"1027","PROS","28/06/2018",497
"1028","PROS","29/06/2018",2766
"1029","PROS","30/04/2018",4594
"1030","PROS","30/07/2018",753
"1031","PROS","31/07/2018",827
"1032","PRP","02/05/2018",4125
"1033","PRP","05/03/2018",1754
"1034","PRP","06/09/2018",50
"1035","PRP","09/11/2018",30
"1036","PRP","10/01/2018",2617
"1037","PRP","10/04/2018",2901
"1038","PRP","10/05/2018",2901
"1039","PRP","10/07/2018",2901
"1040","PRP","10/08/2018",2901
"1041","PRP","10/09/2018",2901
"1042","PRP","10/10/2018",2901
"1043","PRP","10/12/2018",2901
"1044","PRP","11/06/2018",2901
"1045","PRP","12/03/2018",2901
"1046","PRP","12/11/2018",2901
"1047","PRP","14/02/2018",2617
"1048","PRP","14/11/2018",30
"1049","PRP","18/09/2018",50
"1050","PRP","21/05/2018",1792
"1051","PRP","21/12/2018",4700
"1052","PRP","25/01/2018",4001
"1053","PRP","25/04/2018",4001
"1054","PRP","25/05/2018",4001
"1055","PRP","25/06/2018",4001
"1056","PRP","25/07/2018",4001
"1057","PRP","25/09/2018",4001
"1058","PRP","25/10/2018",4001
"1059","PRP","26/02/2018",4001
"1060","PRP","26/03/2018",4001
"1061","PRP","26/11/2018",5725
"1062","PRP","26/12/2018",4001
"1063","PRP","27/08/2018",4001
"1064","PRP","28/02/2018",31
"1065","PRP","28/05/2018",1724
"1066","PRP","28/12/2018",3864
"1067","PRP","31/10/2018",30
"1068","PRP","31/12/2018",1207
"1069","PRTB","01/10/2018",4039
"1070","PRTB","03/10/2018",5317
"1071","PRTB","04/09/2018",13628
"1072","PRTB","04/10/2018",2601
"1073","PRTB","05/09/2018",11697
"1074","PRTB","05/10/2018",3567
"1075","PRTB","06/09/2018",30047
"1076","PRTB","06/10/2018",396
"1077","PRTB","08/10/2018",227
"1078","PRTB","09/10/2018",155
"1079","PRTB","10/09/2018",12300
"1080","PRTB","11/09/2018",2265
"1081","PRTB","11/10/2018",1548
"1082","PRTB","12/09/2018",3637
"1083","PRTB","13/09/2018",607
"1084","PRTB","17/09/2018",417
"1085","PRTB","18/09/2018",582
"1086","PRTB","19/10/2018",1415
"1087","PRTB","21/06/2018",10329
"1088","PRTB","21/09/2018",4480
"1089","PRTB","22/06/2018",1833
"1090","PRTB","23/04/2018",5631
"1091","PRTB","31/08/2018",2195
"1092","PRTB","31/12/2017",846
"1093","PSB","01/02/2018",13087
"1094","PSB","01/03/2018",1804
"1095","PSB","01/05/2018",1791
"1096","PSB","01/06/2018",4789
"1097","PSB","01/10/2018",13346
"1098","PSB","01/11/2018",4964
"1099","PSB","02/02/2018",3834
"1100","PSB","02/03/2018",3253
"1101","PSB","02/05/2018",3801
"1102","PSB","02/08/2018",2279
"1103","PSB","02/10/2018",1345
"1104","PSB","03/01/2018",10524
"1105","PSB","03/04/2018",11243
"1106","PSB","03/08/2018",4611
"1107","PSB","03/09/2018",6726
"1108","PSB","03/10/2018",2957
"1109","PSB","03/12/2018",2490
"1110","PSB","04/01/2018",4217
"1111","PSB","04/04/2018",1490
"1112","PSB","04/05/2018",4142
"1113","PSB","04/06/2018",6910
"1114","PSB","04/07/2018",4142
"1115","PSB","04/09/2018",3065
"1116","PSB","04/10/2018",10801
"1117","PSB","04/12/2018",1772
"1118","PSB","05/01/2018",1837
"1119","PSB","05/02/2018",5218
"1120","PSB","05/03/2018",6083
"1121","PSB","05/04/2018",13859
"1122","PSB","05/06/2018",6083
"1123","PSB","05/07/2018",21130
"1124","PSB","05/09/2018",7023
"1125","PSB","05/10/2018",8717
"1126","PSB","05/11/2018",10027
"1127","PSB","05/12/2018",9657
"1128","PSB","06/02/2018",7041
"1129","PSB","06/03/2018",6375
"1130","PSB","06/04/2018",6801
"1131","PSB","06/06/2018",2791
"1132","PSB","06/07/2018",4325
"1133","PSB","06/08/2018",25560
"1134","PSB","06/09/2018",7827
"1135","PSB","06/11/2018",21036
"1136","PSB","06/12/2018",2769
"1137","PSB","07/02/2018",933
"1138","PSB","07/03/2018",15006
"1139","PSB","07/05/2018",19961
"1140","PSB","07/06/2018",8473
"1141","PSB","07/09/2018",1763
"1142","PSB","07/11/2018",3839
"1143","PSB","07/12/2018",2884
"1144","PSB","08/01/2018",4825
"1145","PSB","08/03/2018",2829
"1146","PSB","08/05/2018",5833
"1147","PSB","08/06/2018",2981
"1148","PSB","08/08/2018",4890
"1149","PSB","08/10/2018",2500
"1150","PSB","08/11/2018",1904
"1151","PSB","09/01/2018",530
"1152","PSB","09/02/2018",933
"1153","PSB","09/03/2018",6994
"1154","PSB","09/04/2018",7897
"1155","PSB","09/05/2018",3670
"1156","PSB","09/07/2018",4480
"1157","PSB","09/08/2018",3493
"1158","PSB","09/10/2018",3269
"1159","PSB","09/11/2018",2114
"1160","PSB","10/01/2018",4556
"1161","PSB","10/02/2018",755
"1162","PSB","10/04/2018",10157
"1163","PSB","10/05/2018",5416
"1164","PSB","10/07/2018",14634
"1165","PSB","10/08/2018",8069
"1166","PSB","10/09/2018",934
"1167","PSB","10/10/2018",6324
"1168","PSB","10/12/2018",2437
"1169","PSB","11/01/2018",489
"1170","PSB","11/04/2018",6639
"1171","PSB","11/05/2018",5532
"1172","PSB","11/06/2018",4746
"1173","PSB","11/09/2018",11525
"1174","PSB","11/10/2018",3351
"1175","PSB","12/01/2018",3452
"1176","PSB","12/03/2018",3478
"1177","PSB","12/04/2018",4382
"1178","PSB","12/05/2018",2135
"1179","PSB","12/06/2018",5649
"1180","PSB","12/07/2018",15508
"1181","PSB","12/09/2018",3941
"1182","PSB","12/11/2018",3968
"1183","PSB","12/12/2018",5852
"1184","PSB","13/03/2018",2326
"1185","PSB","13/04/2018",5597
"1186","PSB","13/06/2018",4346
"1187","PSB","13/07/2018",3670
"1188","PSB","13/08/2018",3954
"1189","PSB","13/09/2018",6379
"1190","PSB","13/11/2018",6076
"1191","PSB","14/02/2018",2545
"1192","PSB","14/03/2018",933
"1193","PSB","14/05/2018",6370
"1194","PSB","14/06/2018",13399
"1195","PSB","14/07/2018",959
"1196","PSB","14/08/2018",3949
"1197","PSB","14/09/2018",4329
"1198","PSB","14/11/2018",2324
"1199","PSB","15/02/2018",2322
"1200","PSB","15/03/2018",3625
"1201","PSB","15/05/2018",2918
"1202","PSB","15/06/2018",4375
"1203","PSB","15/08/2018",4469
"1204","PSB","15/10/2018",5082
"1205","PSB","16/02/2018",6691
"1206","PSB","16/03/2018",4753
"1207","PSB","16/05/2018",476
"1208","PSB","16/08/2018",2500
"1209","PSB","16/10/2018",14167
"1210","PSB","16/11/2018",934
"1211","PSB","17/01/2018",933
"1212","PSB","17/04/2018",3563
"1213","PSB","17/05/2018",4259
"1214","PSB","17/07/2018",4350
"1215","PSB","17/09/2018",7908
"1216","PSB","17/10/2018",1973
"1217","PSB","18/01/2018",4149
"1218","PSB","18/05/2018",1855
"1219","PSB","18/06/2018",3336
"1220","PSB","18/07/2018",933
"1221","PSB","18/09/2018",4324
"1222","PSB","18/10/2018",2500
"1223","PSB","19/01/2018",3302
"1224","PSB","19/02/2018",9918
"1225","PSB","19/03/2018",933
"1226","PSB","19/04/2018",933
"1227","PSB","19/07/2018",1529
"1228","PSB","19/09/2018",4367
"1229","PSB","19/10/2018",1835
"1230","PSB","19/11/2018",395
"1231","PSB","20/02/2018",2492
"1232","PSB","20/03/2018",933
"1233","PSB","20/07/2018",1837
"1234","PSB","20/08/2018",52
"1235","PSB","20/09/2018",1835
"1236","PSB","20/11/2018",248
"1237","PSB","20/12/2018",1760
"1238","PSB","21/02/2018",3270
"1239","PSB","21/08/2018",934
"1240","PSB","21/09/2018",1498
"1241","PSB","21/11/2018",2114
"1242","PSB","21/12/2018",2769
"1243","PSB","22/01/2018",933
"1244","PSB","22/02/2018",4062
"1245","PSB","22/03/2018",6287
"1246","PSB","22/05/2018",1321
"1247","PSB","22/06/2018",1528
"1248","PSB","22/08/2018",5390
"1249","PSB","23/03/2018",5867
"1250","PSB","23/05/2018",4158
"1251","PSB","23/11/2018",412
"1252","PSB","24/05/2018",1833
"1253","PSB","24/07/2018",1528
"1254","PSB","24/08/2018",9916
"1255","PSB","24/09/2018",934
"1256","PSB","25/01/2018",3793
"1257","PSB","25/04/2018",4274
"1258","PSB","25/05/2018",3774
"1259","PSB","25/06/2018",1941
"1260","PSB","25/07/2018",2148
"1261","PSB","25/09/2018",3989
"1262","PSB","25/10/2018",2105
"1263","PSB","26/01/2018",6609
"1264","PSB","26/02/2018",1941
"1265","PSB","26/03/2018",3533
"1266","PSB","26/04/2018",2322
"1267","PSB","26/09/2018",934
"1268","PSB","26/11/2018",2995
"1269","PSB","26/12/2018",2061
"1270","PSB","27/02/2018",5089
"1271","PSB","27/08/2018",6405
"1272","PSB","27/09/2018",5121
"1273","PSB","28/02/2018",4428
"1274","PSB","28/03/2018",1833
"1275","PSB","28/05/2018",6078
"1276","PSB","28/06/2018",933
"1277","PSB","28/08/2018",934
"1278","PSB","28/09/2018",2853
"1279","PSB","29/01/2018",2349
"1280","PSB","29/03/2018",801
"1281","PSB","29/05/2018",1837
"1282","PSB","29/11/2018",1918
"1283","PSB","30/01/2018",1833
"1284","PSB","30/04/2018",1837
"1285","PSB","30/05/2018",2399
"1286","PSB","30/07/2018",944
"1287","PSB","30/08/2018",1528
"1288","PSB","30/10/2018",1080
"1289","PSB","30/11/2018",31828
"1290","PSB","31/01/2018",6705
"1291","PSB","31/07/2018",6131
"1292","PSB","31/08/2018",10335
"1293","PSB","31/12/2017",36815
"1294","PSC","01/02/2018",2040
"1295","PSC","01/03/2018",959
"1296","PSC","01/04/2018",959
"1297","PSC","01/06/2018",1456
"1298","PSC","01/08/2018",1456
"1299","PSC","01/10/2018",1456
"1300","PSC","01/11/2018",6287
"1301","PSC","02/02/2018",7652
"1302","PSC","02/03/2018",3480
"1303","PSC","02/04/2018",1806
"1304","PSC","02/05/2018",959
"1305","PSC","02/07/2018",4936
"1306","PSC","03/07/2018",1401
"1307","PSC","03/08/2018",497
"1308","PSC","03/09/2018",3734
"1309","PSC","03/12/2018",1828
"1310","PSC","04/05/2018",2048
"1311","PSC","05/01/2018",3587
"1312","PSC","05/02/2018",8459
"1313","PSC","05/03/2018",4979
"1314","PSC","05/04/2018",4979
"1315","PSC","05/06/2018",3822
"1316","PSC","05/07/2018",5020
"1317","PSC","05/09/2018",2578
"1318","PSC","05/10/2018",13122
"1319","PSC","05/11/2018",11407
"1320","PSC","05/12/2018",8114
"1321","PSC","06/04/2018",50
"1322","PSC","06/08/2018",5103
"1323","PSC","06/09/2018",959
"1324","PSC","06/11/2018",4475
"1325","PSC","06/12/2018",1382
"1326","PSC","07/05/2018",12290
"1327","PSC","07/06/2018",4045
"1328","PSC","07/12/2018",4010
"1329","PSC","08/01/2018",4953
"1330","PSC","08/03/2018",2869
"1331","PSC","09/04/2018",1367
"1332","PSC","09/08/2018",1569
"1333","PSC","10/01/2018",3602
"1334","PSC","10/04/2018",3430
"1335","PSC","10/07/2018",1561
"1336","PSC","10/08/2018",1555
"1337","PSC","10/09/2018",5093
"1338","PSC","10/12/2018",2048
"1339","PSC","11/01/2018",864
"1340","PSC","11/04/2018",864
"1341","PSC","11/05/2018",864
"1342","PSC","11/06/2018",3430
"1343","PSC","11/07/2018",864
"1344","PSC","11/09/2018",864
"1345","PSC","11/10/2018",864
"1346","PSC","11/12/2018",864
"1347","PSC","12/06/2018",864
"1348","PSC","13/03/2018",864
"1349","PSC","13/08/2018",4652
"1350","PSC","13/11/2018",864
"1351","PSC","15/02/2018",864
"1352","PSC","19/12/2018",1812
"1353","PSC","20/11/2018",4898
"1354","PSC","25/04/2018",1913
"1355","PSC","25/10/2018",1913
"1356","PSC","26/11/2018",1865
"1357","PSC","26/12/2018",1170
"1358","PSC","27/07/2018",1759
"1359","PSC","27/09/2018",1673
"1360","PSC","27/12/2018",33
"1361","PSC","28/02/2018",9667
"1362","PSC","28/03/2018",5541
"1363","PSC","28/05/2018",5541
"1364","PSC","28/06/2018",5541
"1365","PSC","28/09/2018",7756
"1366","PSC","28/11/2018",4206
"1367","PSC","28/12/2018",5637
"1368","PSC","29/03/2018",863
"1369","PSC","29/08/2018",1759
"1370","PSC","29/10/2018",6946
"1371","PSC","30/04/2018",9667
"1372","PSC","30/05/2018",863
"1373","PSC","30/06/2018",863
"1374","PSC","30/07/2018",5541
"1375","PSC","30/08/2018",7012
"1376","PSC","31/01/2018",863
"1377","PSC","31/07/2018",863
"1378","PSC","31/08/2018",863
"1379","PSD","01/01/2018",14333
"1380","PSD","01/02/2018",15914
"1381","PSD","01/03/2018",16283
"1382","PSD","01/04/2018",14107
"1383","PSD","01/05/2018",14107
"1384","PSD","01/06/2018",14151
"1385","PSD","01/07/2018",14157
"1386","PSD","01/08/2018",15976
"1387","PSD","01/09/2018",15146
"1388","PSD","01/10/2018",29401
"1389","PSD","01/11/2018",17282
"1390","PSD","01/12/2018",9776
"1391","PSD","02/01/2018",44
"1392","PSD","02/02/2018",2890
"1393","PSD","02/03/2018",17575
"1394","PSD","02/04/2018",44
"1395","PSD","02/05/2018",44
"1396","PSD","02/07/2018",4284
"1397","PSD","03/02/2018",2434
"1398","PSD","03/07/2018",7332
"1399","PSD","03/08/2018",2475
"1400","PSD","03/09/2018",44
"1401","PSD","03/10/2018",2475
"1402","PSD","03/12/2018",44
"1403","PSD","04/04/2018",7129
"1404","PSD","04/05/2018",2475
"1405","PSD","04/07/2018",5241
"1406","PSD","04/08/2018",2078
"1407","PSD","04/09/2018",2482
"1408","PSD","04/10/2018",934
"1409","PSD","05/01/2018",2675
"1410","PSD","05/02/2018",2403
"1411","PSD","05/03/2018",9351
"1412","PSD","05/06/2018",2475
"1413","PSD","05/07/2018",48306
"1414","PSD","05/09/2018",13374
"1415","PSD","05/10/2018",6668
"1416","PSD","05/11/2018",2519
"1417","PSD","05/12/2018",5211
"1418","PSD","06/02/2018",1833
"1419","PSD","06/03/2018",2125
"1420","PSD","06/04/2018",6772
"1421","PSD","06/07/2018",3716
"1422","PSD","06/09/2018",2433
"1423","PSD","06/11/2018",3124
"1424","PSD","07/03/2018",2701
"1425","PSD","07/04/2018",455
"1426","PSD","07/05/2018",7467
"1427","PSD","07/06/2018",916
"1428","PSD","07/08/2018",5347
"1429","PSD","07/11/2018",1835
"1430","PSD","07/12/2018",22320
"1431","PSD","08/01/2018",4685
"1432","PSD","08/03/2018",6162
"1433","PSD","08/05/2018",2879
"1434","PSD","08/08/2018",1304
"1435","PSD","08/10/2018",15614
"1436","PSD","08/11/2018",934
"1437","PSD","09/03/2018",1833
"1438","PSD","09/07/2018",1783
"1439","PSD","09/08/2018",3483
"1440","PSD","09/10/2018",3970
"1441","PSD","10/04/2018",5503
"1442","PSD","10/07/2018",2766
"1443","PSD","10/09/2018",2114
"1444","PSD","10/10/2018",1835
"1445","PSD","10/12/2018",11807
"1446","PSD","11/04/2018",3968
"1447","PSD","11/09/2018",8147
"1448","PSD","12/06/2018",5634
"1449","PSD","12/09/2018",995
"1450","PSD","12/11/2018",8466
"1451","PSD","13/03/2018",3106
"1452","PSD","13/12/2018",2114
"1453","PSD","14/05/2018",5499
"1454","PSD","14/08/2018",20327
"1455","PSD","14/09/2018",3670
"1456","PSD","14/12/2018",4506
"1457","PSD","15/01/2018",1246
"1458","PSD","15/02/2018",1247
"1459","PSD","15/03/2018",1247
"1460","PSD","15/05/2018",19030
"1461","PSD","15/06/2018",1247
"1462","PSD","15/08/2018",3361
"1463","PSD","15/10/2018",1247
"1464","PSD","16/02/2018",24504
"1465","PSD","16/04/2018",1247
"1466","PSD","16/05/2018",8907
"1467","PSD","16/06/2018",1273
"1468","PSD","16/07/2018",1247
"1469","PSD","16/08/2018",11406
"1470","PSD","16/10/2018",2114
"1471","PSD","16/11/2018",2181
"1472","PSD","17/05/2018",2492
"1473","PSD","17/07/2018",12921
"1474","PSD","17/08/2018",3949
"1475","PSD","17/09/2018",1247
"1476","PSD","17/12/2018",7350
"1477","PSD","18/01/2018",7455
"1478","PSD","18/04/2018",11982
"1479","PSD","19/02/2018",4603
"1480","PSD","19/07/2018",1837
"1481","PSD","19/11/2018",14887
"1482","PSD","20/02/2018",3670
"1483","PSD","20/03/2018",11982
"1484","PSD","20/09/2018",3670
"1485","PSD","20/11/2018",4506
"1486","PSD","21/02/2018",1255
"1487","PSD","21/03/2018",3995
"1488","PSD","21/08/2018",4547
"1489","PSD","21/09/2018",5954
"1490","PSD","21/11/2018",2114
"1491","PSD","22/02/2018",2766
"1492","PSD","22/03/2018",1837
"1493","PSD","22/05/2018",1933
"1494","PSD","23/05/2018",1837
"1495","PSD","23/07/2018",1896
"1496","PSD","23/10/2018",1835
"1497","PSD","23/11/2018",1835
"1498","PSD","24/04/2018",3416
"1499","PSD","24/05/2018",2001
"1500","PSD","24/07/2018",3396
"1501","PSD","24/08/2018",1835
"1502","PSD","25/10/2018",2593
"1503","PSD","26/04/2018",1837
"1504","PSD","26/07/2018",933
"1505","PSD","26/10/2018",9012
"1506","PSD","27/08/2018",9012
"1507","PSD","28/02/2018",3737
"1508","PSD","28/03/2018",10998
"1509","PSD","28/06/2018",33
"1510","PSD","28/08/2018",385
"1511","PSD","28/09/2018",22
"1512","PSD","28/12/2018",2114
"1513","PSD","29/05/2018",4650
"1514","PSD","29/06/2018",16414
"1515","PSD","29/08/2018",297
"1516","PSD","29/11/2018",4506
"1517","PSD","30/04/2018",1629
"1518","PSD","30/05/2018",1592
"1519","PSD","30/06/2018",37
"1520","PSD","30/07/2018",1855
"1521","PSD","30/09/2018",1423
"1522","PSD","30/10/2018",934
"1523","PSD","30/11/2018",2845
"1524","PSD","31/01/2018",4059
"1525","PSD","31/03/2018",2372
"1526","PSD","31/05/2018",1747
"1527","PSD","31/07/2018",6045
"1528","PSD","31/08/2018",2126
"1529","PSD","31/10/2018",4158
"1530","PSD","31/12/2017",7921
"1531","PSD","31/12/2018",3535
"1532","PSDB","01/02/2018",2853
"1533","PSDB","01/03/2018",18110
"1534","PSDB","01/06/2018",5085
"1535","PSDB","01/08/2018",9818
"1536","PSDB","01/10/2018",2138
"1537","PSDB","01/11/2018",2680
"1538","PSDB","02/01/2018",1643
"1539","PSDB","02/02/2018",8444
"1540","PSDB","02/03/2018",339
"1541","PSDB","02/04/2018",18745
"1542","PSDB","02/05/2018",3656
"1543","PSDB","02/07/2018",11278
"1544","PSDB","02/08/2018",7752
"1545","PSDB","02/11/2018",718
"1546","PSDB","03/01/2018",1730
"1547","PSDB","03/04/2018",1565
"1548","PSDB","03/05/2018",3656
"1549","PSDB","03/07/2018",1251
"1550","PSDB","03/08/2018",8064
"1551","PSDB","03/09/2018",1705
"1552","PSDB","03/10/2018",3964
"1553","PSDB","03/12/2018",402
"1554","PSDB","04/04/2018",7500
"1555","PSDB","04/05/2018",4276
"1556","PSDB","04/06/2018",4493
"1557","PSDB","04/07/2018",16357
"1558","PSDB","04/09/2018",2864
"1559","PSDB","04/10/2018",6702
"1560","PSDB","04/12/2018",13977
"1561","PSDB","05/03/2018",4453
"1562","PSDB","05/06/2018",6427
"1563","PSDB","05/07/2018",1273
"1564","PSDB","05/08/2018",3730
"1565","PSDB","05/09/2018",1918
"1566","PSDB","05/11/2018",1696
"1567","PSDB","05/12/2018",19619
"1568","PSDB","06/03/2018",3103
"1569","PSDB","06/04/2018",11
"1570","PSDB","06/06/2018",4167
"1571","PSDB","06/08/2018",2763
"1572","PSDB","06/09/2018",4103
"1573","PSDB","06/11/2018",3109
"1574","PSDB","06/12/2018",14986
"1575","PSDB","07/02/2018",5560
"1576","PSDB","07/03/2018",3645
"1577","PSDB","07/05/2018",5289
"1578","PSDB","07/06/2018",11200
"1579","PSDB","07/08/2018",5341
"1580","PSDB","07/11/2018",8126
"1581","PSDB","07/12/2018",1170
"1582","PSDB","08/01/2018",1044
"1583","PSDB","08/03/2018",6248
"1584","PSDB","08/06/2018",4311
"1585","PSDB","08/07/2018",4041
"1586","PSDB","08/08/2018",4798
"1587","PSDB","08/10/2018",908
"1588","PSDB","08/11/2018",4075
"1589","PSDB","09/02/2018",2479
"1590","PSDB","09/03/2018",2402
"1591","PSDB","09/04/2018",3663
"1592","PSDB","09/05/2018",2890
"1593","PSDB","09/07/2018",9318
"1594","PSDB","09/08/2018",2268
"1595","PSDB","10/01/2018",21948
"1596","PSDB","10/04/2018",16393
"1597","PSDB","10/05/2018",19610
"1598","PSDB","10/07/2018",9998
"1599","PSDB","10/08/2018",10621
"1600","PSDB","10/09/2018",17880
"1601","PSDB","10/10/2018",9717
"1602","PSDB","10/12/2018",7449
"1603","PSDB","11/01/2018",224
"1604","PSDB","11/04/2018",2688
"1605","PSDB","11/05/2018",796
"1606","PSDB","11/06/2018",9653
"1607","PSDB","11/07/2018",5526
"1608","PSDB","11/08/2018",1997
"1609","PSDB","11/10/2018",2135
"1610","PSDB","11/12/2018",946
"1611","PSDB","12/03/2018",10955
"1612","PSDB","12/04/2018",1821
"1613","PSDB","12/07/2018",4629
"1614","PSDB","12/09/2018",2266
"1615","PSDB","12/11/2018",7449
"1616","PSDB","12/12/2018",1526
"1617","PSDB","13/03/2018",1945
"1618","PSDB","13/04/2018",2763
"1619","PSDB","13/06/2018",1724
"1620","PSDB","13/07/2018",15970
"1621","PSDB","13/08/2018",7401
"1622","PSDB","13/11/2018",2763
"1623","PSDB","14/02/2018",4948
"1624","PSDB","14/05/2018",30
"1625","PSDB","14/08/2018",5539
"1626","PSDB","14/09/2018",3648
"1627","PSDB","14/11/2018",4196
"1628","PSDB","14/12/2018",2763
"1629","PSDB","15/02/2018",11938
"1630","PSDB","15/03/2018",2712
"1631","PSDB","15/05/2018",7459
"1632","PSDB","15/08/2018",3767
"1633","PSDB","15/10/2018",3832
"1634","PSDB","15/11/2018",1125
"1635","PSDB","16/03/2018",2258
"1636","PSDB","16/04/2018",1637
"1637","PSDB","16/05/2018",2202
"1638","PSDB","16/07/2018",10348
"1639","PSDB","16/10/2018",7592
"1640","PSDB","16/11/2018",6759
"1641","PSDB","17/04/2018",2380
"1642","PSDB","17/05/2018",2347
"1643","PSDB","17/07/2018",9394
"1644","PSDB","17/09/2018",1271
"1645","PSDB","17/10/2018",6449
"1646","PSDB","17/12/2018",6063
"1647","PSDB","18/04/2018",2692
"1648","PSDB","18/05/2018",725
"1649","PSDB","18/06/2018",6490
"1650","PSDB","18/07/2018",17961
"1651","PSDB","19/02/2018",2582
"1652","PSDB","19/03/2018",4034
"1653","PSDB","19/04/2018",2856
"1654","PSDB","19/06/2018",1397
"1655","PSDB","19/07/2018",1010
"1656","PSDB","19/09/2018",8299
"1657","PSDB","19/11/2018",2763
"1658","PSDB","20/04/2018",7617
"1659","PSDB","20/08/2018",1724
"1660","PSDB","20/09/2018",2005
"1661","PSDB","20/11/2018",9507
"1662","PSDB","21/02/2018",1656
"1663","PSDB","21/03/2018",9032
"1664","PSDB","21/05/2018",1156
"1665","PSDB","21/08/2018",7109
"1666","PSDB","21/09/2018",2655
"1667","PSDB","21/11/2018",2365
"1668","PSDB","22/01/2018",2209
"1669","PSDB","22/02/2018",2067
"1670","PSDB","22/03/2018",1709
"1671","PSDB","22/05/2018",4581
"1672","PSDB","23/01/2018",3163
"1673","PSDB","23/02/2018",804
"1674","PSDB","23/04/2018",1876
"1675","PSDB","23/05/2018",2993
"1676","PSDB","23/08/2018",580
"1677","PSDB","23/10/2018",1160
"1678","PSDB","23/11/2018",813
"1679","PSDB","24/01/2018",3507
"1680","PSDB","24/05/2018",6655
"1681","PSDB","24/10/2018",5526
"1682","PSDB","24/11/2018",121
"1683","PSDB","25/01/2018",5398
"1684","PSDB","25/04/2018",4897
"1685","PSDB","25/05/2018",9142
"1686","PSDB","25/06/2018",13422
"1687","PSDB","25/07/2018",16282
"1688","PSDB","25/09/2018",6721
"1689","PSDB","25/10/2018",5544
"1690","PSDB","26/02/2018",14197
"1691","PSDB","26/03/2018",11010
"1692","PSDB","26/06/2018",1529
"1693","PSDB","26/07/2018",7442
"1694","PSDB","26/09/2018",2763
"1695","PSDB","26/10/2018",6288
"1696","PSDB","26/11/2018",6583
"1697","PSDB","26/12/2018",3820
"1698","PSDB","27/02/2018",2478
"1699","PSDB","27/03/2018",9173
"1700","PSDB","27/04/2018",5169
"1701","PSDB","27/08/2018",12642
"1702","PSDB","27/09/2018",2226
"1703","PSDB","28/02/2018",4482
"1704","PSDB","28/05/2018",4482
"1705","PSDB","28/06/2018",2464
"1706","PSDB","28/08/2018",2406
"1707","PSDB","28/09/2018",26335
"1708","PSDB","28/11/2018",5132
"1709","PSDB","28/12/2018",453
"1710","PSDB","29/01/2018",1228
"1711","PSDB","29/03/2018",4615
"1712","PSDB","29/04/2018",1709
"1713","PSDB","29/05/2018",6870
"1714","PSDB","29/06/2018",21737
"1715","PSDB","29/08/2018",6698
"1716","PSDB","29/10/2018",2226
"1717","PSDB","29/11/2018",27928
"1718","PSDB","30/01/2018",6707
"1719","PSDB","30/04/2018",26404
"1720","PSDB","30/05/2018",24499
"1721","PSDB","30/06/2018",4346
"1722","PSDB","30/07/2018",10493
"1723","PSDB","30/09/2018",2254
"1724","PSDB","30/11/2018",6029
"1725","PSDB","31/01/2018",14312
"1726","PSDB","31/03/2018",2406
"1727","PSDB","31/05/2018",2739
"1728","PSDB","31/07/2018",43073
"1729","PSDB","31/08/2018",35180
"1730","PSDB","31/10/2018",37494
"1731","PSDB","31/12/2016",14561
"1732","PSDB","31/12/2017",26266
"1733","PSDB","31/12/2018",2775
"1734","PSL","01/07/2018",2582
"1735","PSL","01/08/2018",2582
"1736","PSL","01/09/2018",4357
"1737","PSL","01/10/2018",5946
"1738","PSL","01/11/2018",30
"1739","PSL","02/10/2018",56104
"1740","PSL","03/09/2018",11652
"1741","PSL","03/10/2018",2331
"1742","PSL","04/09/2018",5879
"1743","PSL","05/06/2018",1910
"1744","PSL","05/09/2018",37819
"1745","PSL","05/10/2018",13093
"1746","PSL","10/09/2018",4291
"1747","PSL","10/12/2018",3341
"1748","PSL","12/11/2018",8087
"1749","PSL","13/11/2018",2953
"1750","PSL","17/09/2018",66357
"1751","PSL","17/10/2018",978
"1752","PSL","18/09/2018",29920
"1753","PSL","20/09/2018",6237
"1754","PSL","22/08/2018",11171
"1755","PSL","22/10/2018",3982
"1756","PSL","23/08/2018",17391
"1757","PSL","23/10/2018",4726
"1758","PSL","24/08/2018",36040
"1759","PSL","24/09/2018",2763
"1760","PSL","25/06/2018",1910
"1761","PSL","25/07/2018",1910
"1762","PSL","25/08/2018",667
"1763","PSL","25/09/2018",2690
"1764","PSL","25/10/2018",6533
"1765","PSL","26/09/2018",2004
"1766","PSL","26/10/2018",1144
"1767","PSL","26/11/2018",1910
"1768","PSL","27/08/2018",35205
"1769","PSL","27/09/2018",3058
"1770","PSL","28/08/2018",27639
"1771","PSL","28/09/2018",3120
"1772","PSL","28/10/2018",959
"1773","PSL","29/08/2018",1733
"1774","PSL","29/10/2018",19
"1775","PSL","30/08/2018",8914
"1776","PSL","31/08/2018",8313
"1777","PSOL","01/09/2018",2743
"1778","PSOL","02/08/2018",4799
"1779","PSOL","03/08/2018",2789
"1780","PSOL","04/09/2018",934
"1781","PSOL","06/04/2018",1934
"1782","PSOL","06/08/2018",934
"1783","PSOL","06/09/2018",4698
"1784","PSOL","07/08/2018",934
"1785","PSOL","08/08/2018",9956
"1786","PSOL","09/04/2018",1833
"1787","PSOL","09/08/2018",934
"1788","PSOL","10/08/2018",1271
"1789","PSOL","10/09/2018",2500
"1790","PSOL","10/12/2018",956
"1791","PSOL","13/08/2018",934
"1792","PSOL","14/11/2018",2470
"1793","PSOL","15/08/2018",1835
"1794","PSOL","15/09/2018",2350
"1795","PSOL","16/04/2018",1273
"1796","PSOL","17/10/2018",608
"1797","PSOL","18/09/2018",934
"1798","PSOL","18/10/2018",1709
"1799","PSOL","19/10/2018",934
"1800","PSOL","20/06/2018",2381
"1801","PSOL","20/07/2018",1592
"1802","PSOL","20/11/2018",934
"1803","PSOL","21/08/2018",811
"1804","PSOL","21/12/2018",934
"1805","PSOL","22/06/2018",933
"1806","PSOL","22/10/2018",1620
"1807","PSOL","24/04/2018",1833
"1808","PSOL","26/10/2018",934
"1809","PSOL","26/11/2018",1835
"1810","PSOL","28/03/2018",822
"1811","PSTU","01/02/2018",951
"1812","PSTU","02/04/2018",2657
"1813","PSTU","03/04/2018",5091
"1814","PSTU","04/01/2018",1914
"1815","PSTU","04/10/2018",2522
"1816","PSTU","04/12/2018",2596
"1817","PSTU","05/04/2018",6261
"1818","PSTU","05/11/2018",2652
"1819","PSTU","06/03/2018",871
"1820","PSTU","06/04/2018",2214
"1821","PSTU","06/06/2018",1521
"1822","PSTU","06/07/2018",2000
"1823","PSTU","06/08/2018",1523
"1824","PSTU","06/09/2018",2024
"1825","PSTU","07/02/2018",4354
"1826","PSTU","07/05/2018",1627
"1827","PSTU","09/01/2018",1833
"1828","PSTU","09/07/2018",2502
"1829","PSTU","10/01/2018",2569
"1830","PSTU","10/03/2018",2569
"1831","PSTU","10/07/2018",5335
"1832","PSTU","10/09/2018",2569
"1833","PSTU","10/12/2018",2569
"1834","PSTU","11/04/2018",4402
"1835","PSTU","11/05/2018",5617
"1836","PSTU","11/09/2018",1835
"1837","PSTU","11/10/2018",2569
"1838","PSTU","11/12/2018",934
"1839","PSTU","12/01/2018",1833
"1840","PSTU","12/11/2018",2569
"1841","PSTU","13/03/2018",1833
"1842","PSTU","13/06/2018",4402
"1843","PSTU","13/11/2018",1803
"1844","PSTU","13/12/2018",5512
"1845","PSTU","14/02/2018",2569
"1846","PSTU","14/12/2018",1317
"1847","PSTU","15/02/2018",1833
"1848","PSTU","15/10/2018",934
"1849","PSTU","15/11/2018",200
"1850","PSTU","20/11/2018",5235
"1851","PSTU","23/10/2018",4033
"1852","PSTU","24/10/2018",2114
"1853","PSTU","26/04/2018",952
"1854","PSTU","28/02/2018",8672
"1855","PSTU","28/09/2018",2539
"1856","PSTU","29/03/2018",1592
"1857","PSTU","30/04/2018",2665
"1858","PSTU","30/07/2018",2566
"1859","PSTU","30/11/2018",3475
"1860","PSTU","31/12/2017",2434
"1861","PT","01/02/2018",8772
"1862","PT","01/03/2018",21264
"1863","PT","01/06/2018",10135
"1864","PT","01/08/2018",8953
"1865","PT","01/10/2018",9395
"1866","PT","01/11/2018",2875
"1867","PT","02/01/2018",4836
"1868","PT","02/02/2018",14456
"1869","PT","02/03/2018",12614
"1870","PT","02/04/2018",13785
"1871","PT","02/05/2018",5335
"1872","PT","02/08/2018",18721
"1873","PT","02/10/2018",11520
"1874","PT","02/11/2018",915
"1875","PT","03/01/2018",18244
"1876","PT","03/03/2018",2001
"1877","PT","03/04/2018",3503
"1878","PT","03/05/2018",3685
"1879","PT","03/06/2018",946
"1880","PT","03/07/2018",4230
"1881","PT","03/08/2018",10083
"1882","PT","03/09/2018",9679
"1883","PT","03/10/2018",10002
"1884","PT","03/12/2018",1291
"1885","PT","04/01/2018",5889
"1886","PT","04/04/2018",2139
"1887","PT","04/05/2018",10069
"1888","PT","04/06/2018",4983
"1889","PT","04/07/2018",5679
"1890","PT","04/09/2018",8192
"1891","PT","04/10/2018",4860
"1892","PT","04/12/2018",11058
"1893","PT","05/01/2018",9805
"1894","PT","05/02/2018",7971
"1895","PT","05/03/2018",12555
"1896","PT","05/04/2018",12756
"1897","PT","05/05/2018",3156
"1898","PT","05/06/2018",13828
"1899","PT","05/07/2018",10948
"1900","PT","05/08/2018",2011
"1901","PT","05/09/2018",8863
"1902","PT","05/10/2018",28715
"1903","PT","05/11/2018",4009
"1904","PT","05/12/2018",5333
"1905","PT","06/01/2018",235
"1906","PT","06/02/2018",2253
"1907","PT","06/03/2018",2932
"1908","PT","06/04/2018",9641
"1909","PT","06/06/2018",11320
"1910","PT","06/08/2018",11472
"1911","PT","06/09/2018",10134
"1912","PT","06/11/2018",9143
"1913","PT","06/12/2018",2625
"1914","PT","07/02/2018",9387
"1915","PT","07/03/2018",8971
"1916","PT","07/05/2018",9633
"1917","PT","07/06/2018",10160
"1918","PT","07/08/2018",4197
"1919","PT","07/11/2018",5432
"1920","PT","07/12/2018",4793
"1921","PT","08/01/2018",5665
"1922","PT","08/02/2018",4987
"1923","PT","08/03/2018",14841
"1924","PT","08/05/2018",3285
"1925","PT","08/06/2018",12229
"1926","PT","08/08/2018",8873
"1927","PT","08/09/2018",2908
"1928","PT","08/10/2018",10009
"1929","PT","08/11/2018",4058
"1930","PT","09/01/2018",7623
"1931","PT","09/02/2018",15470
"1932","PT","09/03/2018",15344
"1933","PT","09/04/2018",8131
"1934","PT","09/05/2018",933
"1935","PT","09/06/2018",2711
"1936","PT","09/07/2018",866
"1937","PT","09/08/2018",1516
"1938","PT","09/11/2018",4675
"1939","PT","10/01/2018",5256
"1940","PT","10/02/2018",2167
"1941","PT","10/03/2018",624
"1942","PT","10/04/2018",11682
"1943","PT","10/05/2018",2403
"1944","PT","10/08/2018",5036
"1945","PT","10/09/2018",12959
"1946","PT","10/10/2018",5539
"1947","PT","10/12/2018",8917
"1948","PT","11/01/2018",3531
"1949","PT","11/04/2018",14279
"1950","PT","11/05/2018",2339
"1951","PT","11/06/2018",1899
"1952","PT","11/07/2018",9315
"1953","PT","11/09/2018",55
"1954","PT","11/10/2018",898
"1955","PT","11/12/2018",1835
"1956","PT","12/01/2018",12734
"1957","PT","12/04/2018",4494
"1958","PT","12/06/2018",376
"1959","PT","12/07/2018",1985
"1960","PT","12/08/2018",1516
"1961","PT","12/09/2018",530
"1962","PT","12/11/2018",2901
"1963","PT","13/01/2018",2815
"1964","PT","13/03/2018",28
"1965","PT","13/04/2018",13134
"1966","PT","13/06/2018",10794
"1967","PT","13/07/2018",17482
"1968","PT","13/08/2018",8607
"1969","PT","13/09/2018",1319
"1970","PT","13/10/2018",2135
"1971","PT","13/11/2018",16374
"1972","PT","13/12/2018",6238
"1973","PT","14/02/2018",1842
"1974","PT","14/03/2018",2821
"1975","PT","14/04/2018",1460
"1976","PT","14/05/2018",8978
"1977","PT","14/06/2018",8985
"1978","PT","14/07/2018",2121
"1979","PT","14/08/2018",723
"1980","PT","14/09/2018",4227
"1981","PT","14/12/2018",5166
"1982","PT","15/01/2018",5158
"1983","PT","15/02/2018",9378
"1984","PT","15/03/2018",8653
"1985","PT","15/04/2018",1670
"1986","PT","15/05/2018",6786
"1987","PT","15/06/2018",19804
"1988","PT","15/08/2018",2439
"1989","PT","15/09/2018",498
"1990","PT","15/10/2018",7090
"1991","PT","15/11/2018",1059
"1992","PT","15/12/2018",1079
"1993","PT","16/01/2018",8049
"1994","PT","16/02/2018",22370
"1995","PT","16/03/2018",7371
"1996","PT","16/04/2018",3000
"1997","PT","16/05/2018",368
"1998","PT","16/07/2018",368
"1999","PT","16/08/2018",724
"2000","PT","16/10/2018",8460
"2001","PT","16/11/2018",959
"2002","PT","16/12/2018",1799
"2003","PT","17/01/2018",14373
"2004","PT","17/02/2018",1774
"2005","PT","17/04/2018",1388
"2006","PT","17/05/2018",4171
"2007","PT","17/07/2018",2270
"2008","PT","17/08/2018",4774
"2009","PT","17/09/2018",47030
"2010","PT","17/10/2018",8482
"2011","PT","17/12/2018",2349
"2012","PT","18/01/2018",6597
"2013","PT","18/02/2018",1371
"2014","PT","18/04/2018",2174
"2015","PT","18/05/2018",18005
"2016","PT","18/07/2018",2577
"2017","PT","18/09/2018",2061
"2018","PT","18/10/2018",66
"2019","PT","18/12/2018",1858
"2020","PT","19/01/2018",13025
"2021","PT","19/02/2018",6388
"2022","PT","19/04/2018",1361
"2023","PT","19/05/2018",4310
"2024","PT","19/06/2018",6255
"2025","PT","19/07/2018",50
"2026","PT","19/09/2018",2400
"2027","PT","19/10/2018",5441
"2028","PT","19/11/2018",33
"2029","PT","19/12/2018",19387
"2030","PT","20/02/2018",9280
"2031","PT","20/03/2018",14974
"2032","PT","20/04/2018",13142
"2033","PT","20/06/2018",5622
"2034","PT","20/07/2018",2097
"2035","PT","20/08/2018",5317
"2036","PT","20/09/2018",12710
"2037","PT","20/11/2018",9100
"2038","PT","20/12/2018",8333
"2039","PT","21/02/2018",8067
"2040","PT","21/05/2018",8148
"2041","PT","21/06/2018",7480
"2042","PT","21/08/2018",9795
"2043","PT","21/09/2018",10464
"2044","PT","21/12/2018",49359
"2045","PT","22/01/2018",2100
"2046","PT","22/02/2018",6154
"2047","PT","22/03/2018",7299
"2048","PT","22/05/2018",1190
"2049","PT","22/08/2018",10801
"2050","PT","22/09/2018",3141
"2051","PT","22/10/2018",3321
"2052","PT","22/11/2018",805
"2053","PT","23/01/2018",2075
"2054","PT","23/02/2018",11476
"2055","PT","23/03/2018",16105
"2056","PT","23/04/2018",1541
"2057","PT","23/05/2018",1080
"2058","PT","23/06/2018",4401
"2059","PT","23/07/2018",2376
"2060","PT","23/08/2018",41
"2061","PT","23/09/2018",959
"2062","PT","23/10/2018",13102
"2063","PT","23/11/2018",2388
"2064","PT","24/01/2018",1853
"2065","PT","24/03/2018",1128
"2066","PT","24/04/2018",11459
"2067","PT","24/05/2018",3400
"2068","PT","24/07/2018",15741
"2069","PT","24/08/2018",5907
"2070","PT","24/09/2018",8980
"2071","PT","24/10/2018",293
"2072","PT","24/11/2018",1265
"2073","PT","24/12/2018",1835
"2074","PT","25/01/2018",8490
"2075","PT","25/02/2018",2498
"2076","PT","25/04/2018",6932
"2077","PT","25/05/2018",2672
"2078","PT","25/06/2018",11798
"2079","PT","25/07/2018",7709
"2080","PT","25/08/2018",2121
"2081","PT","25/09/2018",21387
"2082","PT","25/10/2018",10047
"2083","PT","26/01/2018",9095
"2084","PT","26/02/2018",8985
"2085","PT","26/03/2018",11506
"2086","PT","26/04/2018",12441
"2087","PT","26/06/2018",7551
"2088","PT","26/07/2018",15208
"2089","PT","26/09/2018",11958
"2090","PT","26/10/2018",8491
"2091","PT","26/11/2018",10544
"2092","PT","26/12/2018",10912
"2093","PT","27/01/2018",2135
"2094","PT","27/02/2018",9826
"2095","PT","27/03/2018",8548
"2096","PT","27/04/2018",11701
"2097","PT","27/06/2018",4142
"2098","PT","27/07/2018",4568
"2099","PT","27/08/2018",11520
"2100","PT","27/09/2018",16654
"2101","PT","27/10/2018",1383
"2102","PT","27/11/2018",20201
"2103","PT","27/12/2018",17525
"2104","PT","28/02/2018",38596
"2105","PT","28/03/2018",29476
"2106","PT","28/05/2018",1338
"2107","PT","28/06/2018",18847
"2108","PT","28/08/2018",2869
"2109","PT","28/09/2018",36963
"2110","PT","28/10/2018",731
"2111","PT","28/11/2018",2349
"2112","PT","28/12/2018",18832
"2113","PT","29/01/2018",29578
"2114","PT","29/03/2018",11602
"2115","PT","29/04/2018",190
"2116","PT","29/05/2018",14318
"2117","PT","29/06/2018",26561
"2118","PT","29/07/2018",50
"2119","PT","29/08/2018",7533
"2120","PT","29/09/2018",1761
"2121","PT","29/10/2018",2790
"2122","PT","30/01/2018",19609
"2123","PT","30/04/2018",41029
"2124","PT","30/05/2018",25287
"2125","PT","30/06/2018",2138
"2126","PT","30/07/2018",15243
"2127","PT","30/08/2018",11139
"2128","PT","30/10/2018",16742
"2129","PT","30/11/2018",22160
"2130","PT","31/01/2018",11656
"2131","PT","31/05/2018",574
"2132","PT","31/07/2018",29296
"2133","PT","31/08/2018",27685
"2134","PT","31/10/2018",22191
"2135","PT","31/12/2017",11355
"2136","PT","31/12/2018",6855
"2137","PTB","01/03/2018",1436
"2138","PTB","01/06/2018",1436
"2139","PTB","01/08/2018",4070
"2140","PTB","01/09/2018",2634
"2141","PTB","01/10/2018",5829
"2142","PTB","01/11/2018",5230
"2143","PTB","02/01/2018",1486
"2144","PTB","02/02/2018",2577
"2145","PTB","02/03/2018",961
"2146","PTB","02/05/2018",1436
"2147","PTB","02/07/2018",1436
"2148","PTB","02/08/2018",16653
"2149","PTB","02/10/2018",9105
"2150","PTB","03/07/2018",3346
"2151","PTB","03/09/2018",68
"2152","PTB","03/10/2018",20142
"2153","PTB","04/07/2018",558
"2154","PTB","04/09/2018",9136
"2155","PTB","05/02/2018",1436
"2156","PTB","05/03/2018",1009
"2157","PTB","05/04/2018",3416
"2158","PTB","05/09/2018",6158
"2159","PTB","05/11/2018",4495
"2160","PTB","05/12/2018",5509
"2161","PTB","06/02/2018",2457
"2162","PTB","06/03/2018",13352
"2163","PTB","06/11/2018",22
"2164","PTB","07/02/2018",961
"2165","PTB","07/03/2018",2616
"2166","PTB","07/05/2018",11650
"2167","PTB","07/11/2018",6140
"2168","PTB","08/02/2018",24506
"2169","PTB","08/03/2018",5144
"2170","PTB","08/05/2018",2878
"2171","PTB","08/11/2018",55
"2172","PTB","09/03/2018",1352
"2173","PTB","09/05/2018",1871
"2174","PTB","09/07/2018",20
"2175","PTB","10/01/2018",50
"2176","PTB","10/08/2018",2393
"2177","PTB","10/10/2018",1297
"2178","PTB","11/09/2018",2485
"2179","PTB","12/03/2018",3665
"2180","PTB","12/09/2018",33
"2181","PTB","12/12/2018",4289
"2182","PTB","13/04/2018",686
"2183","PTB","14/03/2018",1479
"2184","PTB","14/09/2018",2462
"2185","PTB","14/11/2018",1727
"2186","PTB","14/12/2018",2266
"2187","PTB","15/01/2018",1981
"2188","PTB","15/05/2018",2766
"2189","PTB","15/06/2018",2231
"2190","PTB","15/10/2018",2792
"2191","PTB","16/03/2018",6728
"2192","PTB","16/08/2018",9689
"2193","PTB","17/01/2018",1584
"2194","PTB","17/03/2018",2314
"2195","PTB","17/10/2018",165
"2196","PTB","18/01/2018",23614
"2197","PTB","18/04/2018",2469
"2198","PTB","18/05/2018",100
"2199","PTB","18/09/2018",980
"2200","PTB","19/07/2018",2822
"2201","PTB","19/10/2018",1436
"2202","PTB","19/11/2018",2623
"2203","PTB","20/01/2018",50
"2204","PTB","20/05/2018",2396
"2205","PTB","20/09/2018",4004
"2206","PTB","21/02/2018",4911
"2207","PTB","21/05/2018",2766
"2208","PTB","22/01/2018",1502
"2209","PTB","22/11/2018",959
"2210","PTB","23/03/2018",1528
"2211","PTB","23/05/2018",1597
"2212","PTB","24/05/2018",4833
"2213","PTB","24/08/2018",1783
"2214","PTB","24/09/2018",1071
"2215","PTB","25/07/2018",2732
"2216","PTB","26/02/2018",1597
"2217","PTB","26/08/2018",959
"2218","PTB","26/12/2018",1057
"2219","PTB","27/02/2018",365
"2220","PTB","27/03/2018",18672
"2221","PTB","27/04/2018",2400
"2222","PTB","27/08/2018",6431
"2223","PTB","27/09/2018",1186
"2224","PTB","27/11/2018",1939
"2225","PTB","28/02/2018",863
"2226","PTB","28/03/2018",5400
"2227","PTB","28/08/2018",2240
"2228","PTB","28/09/2018",4402
"2229","PTB","28/11/2018",3125
"2230","PTB","28/12/2018",1211
"2231","PTB","29/03/2018",863
"2232","PTB","29/05/2018",13323
"2233","PTB","29/06/2018",18762
"2234","PTB","30/01/2018",2645
"2235","PTB","30/04/2018",1755
"2236","PTB","30/05/2018",5622
"2237","PTB","30/08/2018",2059
"2238","PTB","30/10/2018",2739
"2239","PTB","30/11/2018",863
"2240","PTB","31/01/2018",1562
"2241","PTB","31/07/2018",4398
"2242","PTB","31/08/2018",898
"2243","PTB","31/10/2018",863
"2244","PTB","31/12/2018",863
"2245","PV","02/10/2018",1835
"2246","PV","03/09/2018",5303
"2247","PV","04/09/2018",2342
"2248","PV","05/09/2018",2114
"2249","PV","05/10/2018",1515
"2250","PV","05/11/2018",1383
"2251","PV","06/08/2018",1653
"2252","PV","06/11/2018",17206
"2253","PV","08/10/2018",1477
"2254","PV","15/10/2018",3539
"2255","PV","18/09/2018",6935
"2256","PV","21/09/2018",4690
"2257","PV","30/08/2018",932
"2258","PV","31/08/2018",3752
"2259","REDE","01/01/2018",1426
"2260","REDE","01/02/2018",1315
"2261","REDE","01/05/2018",497
"2262","REDE","01/08/2018",5802
"2263","REDE","01/09/2018",752
"2264","REDE","01/11/2018",2135
"2265","REDE","01/12/2018",1793
"2266","REDE","02/08/2018",2349
"2267","REDE","02/10/2018",491
"2268","REDE","02/12/2018",1381
"2269","REDE","03/08/2018",5025
"2270","REDE","05/10/2018",1709
"2271","REDE","05/11/2018",2799
"2272","REDE","06/04/2018",2345
"2273","REDE","06/07/2018",1148
"2274","REDE","06/08/2018",2603
"2275","REDE","06/12/2018",2002
"2276","REDE","07/08/2018",1120
"2277","REDE","08/06/2018",6278
"2278","REDE","08/08/2018",956
"2279","REDE","08/11/2018",518
"2280","REDE","09/07/2018",914
"2281","REDE","09/09/2018",1080
"2282","REDE","09/11/2018",5337
"2283","REDE","10/01/2018",272
"2284","REDE","10/06/2018",3128
"2285","REDE","10/08/2018",2001
"2286","REDE","10/10/2018",50
"2287","REDE","10/12/2018",657
"2288","REDE","11/07/2018",3586
"2289","REDE","12/06/2018",675
"2290","REDE","12/11/2018",874
"2291","REDE","13/06/2018",612
"2292","REDE","13/09/2018",1516
"2293","REDE","14/12/2018",2853
"2294","REDE","15/02/2018",1000
"2295","REDE","19/06/2018",2003
"2296","REDE","19/07/2018",2768
"2297","REDE","19/12/2018",3125
"2298","REDE","20/08/2018",966
"2299","REDE","20/09/2018",1526
"2300","REDE","21/06/2018",587
"2301","REDE","21/08/2018",2860
"2302","REDE","22/09/2018",1144
"2303","REDE","22/10/2018",5720
"2304","REDE","22/11/2018",996
"2305","REDE","23/07/2018",1958
"2306","REDE","24/07/2018",574
"2307","REDE","24/08/2018",1238
"2308","REDE","24/09/2018",1159
"2309","REDE","25/06/2018",10922
"2310","REDE","25/07/2018",1910
"2311","REDE","25/09/2018",1910
"2312","REDE","25/10/2018",4763
"2313","REDE","26/11/2018",1910
"2314","REDE","26/12/2018",1910
"2315","REDE","27/08/2018",1910
"2316","REDE","28/07/2018",1101
"2317","REDE","28/08/2018",31
"2318","REDE","29/05/2018",2621
"2319","REDE","29/10/2018",1503
"2320","REDE","30/08/2018",1855
"2321","REDE","30/11/2018",912
"2322","REDE","31/07/2018",1867
"2323","REDE","31/12/2017",3727
"2324","REPUBLICANOS","01/01/2018",4848
"2325","REPUBLICANOS","01/02/2018",12517
"2326","REPUBLICANOS","01/03/2018",12372
"2327","REPUBLICANOS","01/04/2018",4405
"2328","REPUBLICANOS","01/05/2018",10637
"2329","REPUBLICANOS","01/06/2018",5933
"2330","REPUBLICANOS","01/07/2018",6123
"2331","REPUBLICANOS","01/08/2018",12845
"2332","REPUBLICANOS","01/09/2018",8549
"2333","REPUBLICANOS","01/10/2018",9398
"2334","REPUBLICANOS","01/11/2018",8100
"2335","REPUBLICANOS","01/12/2018",5959
"2336","REPUBLICANOS","02/01/2018",2721
"2337","REPUBLICANOS","02/02/2018",2817
"2338","REPUBLICANOS","02/04/2018",7163
"2339","REPUBLICANOS","03/04/2018",1083
"2340","REPUBLICANOS","03/07/2018",2766
"2341","REPUBLICANOS","03/08/2018",2443
"2342","REPUBLICANOS","03/09/2018",52
"2343","REPUBLICANOS","04/05/2018",825
"2344","REPUBLICANOS","04/06/2018",1592
"2345","REPUBLICANOS","04/07/2018",2766
"2346","REPUBLICANOS","04/09/2018",4948
"2347","REPUBLICANOS","04/10/2018",3670
"2348","REPUBLICANOS","05/02/2018",4486
"2349","REPUBLICANOS","05/03/2018",4817
"2350","REPUBLICANOS","05/04/2018",5341
"2351","REPUBLICANOS","05/06/2018",1941
"2352","REPUBLICANOS","05/07/2018",4468
"2353","REPUBLICANOS","05/09/2018",2728
"2354","REPUBLICANOS","05/10/2018",3055
"2355","REPUBLICANOS","05/12/2018",2523
"2356","REPUBLICANOS","06/08/2018",2089
"2357","REPUBLICANOS","06/09/2018",1868
"2358","REPUBLICANOS","06/10/2018",8375
"2359","REPUBLICANOS","06/11/2018",2061
"2360","REPUBLICANOS","07/05/2018",1941
"2361","REPUBLICANOS","07/08/2018",1835
"2362","REPUBLICANOS","07/10/2018",1119
"2363","REPUBLICANOS","08/01/2018",1910
"2364","REPUBLICANOS","08/03/2018",6088
"2365","REPUBLICANOS","08/12/2018",812
"2366","REPUBLICANOS","09/01/2018",2228
"2367","REPUBLICANOS","09/03/2018",8298
"2368","REPUBLICANOS","09/05/2018",1833
"2369","REPUBLICANOS","09/07/2018",933
"2370","REPUBLICANOS","09/10/2018",2203
"2371","REPUBLICANOS","10/07/2018",2426
"2372","REPUBLICANOS","10/10/2018",2114
"2373","REPUBLICANOS","11/07/2018",933
"2374","REPUBLICANOS","11/09/2018",1835
"2375","REPUBLICANOS","11/10/2018",934
"2376","REPUBLICANOS","12/03/2018",3507
"2377","REPUBLICANOS","12/04/2018",2489
"2378","REPUBLICANOS","12/06/2018",5915
"2379","REPUBLICANOS","12/09/2018",1755
"2380","REPUBLICANOS","12/12/2018",983
"2381","REPUBLICANOS","13/06/2018",11691
"2382","REPUBLICANOS","13/07/2018",632
"2383","REPUBLICANOS","13/09/2018",5088
"2384","REPUBLICANOS","13/11/2018",3122
"2385","REPUBLICANOS","13/12/2018",1526
"2386","REPUBLICANOS","14/05/2018",3807
"2387","REPUBLICANOS","14/06/2018",5159
"2388","REPUBLICANOS","14/08/2018",3007
"2389","REPUBLICANOS","14/09/2018",934
"2390","REPUBLICANOS","14/12/2018",934
"2391","REPUBLICANOS","15/01/2018",2489
"2392","REPUBLICANOS","15/02/2018",2489
"2393","REPUBLICANOS","15/05/2018",2489
"2394","REPUBLICANOS","15/06/2018",4836
"2395","REPUBLICANOS","15/10/2018",4394
"2396","REPUBLICANOS","16/01/2018",1833
"2397","REPUBLICANOS","16/02/2018",2710
"2398","REPUBLICANOS","16/03/2018",3756
"2399","REPUBLICANOS","16/05/2018",3882
"2400","REPUBLICANOS","16/07/2018",933
"2401","REPUBLICANOS","16/08/2018",934
"2402","REPUBLICANOS","16/12/2018",2903
"2403","REPUBLICANOS","17/07/2018",1160
"2404","REPUBLICANOS","17/12/2018",12210
"2405","REPUBLICANOS","18/06/2018",2524
"2406","REPUBLICANOS","18/12/2018",1764
"2407","REPUBLICANOS","19/01/2018",3456
"2408","REPUBLICANOS","19/06/2018",3666
"2409","REPUBLICANOS","19/07/2018",933
"2410","REPUBLICANOS","20/02/2018",3587
"2411","REPUBLICANOS","20/11/2018",934
"2412","REPUBLICANOS","20/12/2018",3970
"2413","REPUBLICANOS","21/06/2018",2292
"2414","REPUBLICANOS","21/08/2018",3836
"2415","REPUBLICANOS","21/09/2018",667
"2416","REPUBLICANOS","21/11/2018",857
"2417","REPUBLICANOS","22/01/2018",5211
"2418","REPUBLICANOS","22/02/2018",1574
"2419","REPUBLICANOS","22/05/2018",2135
"2420","REPUBLICANOS","22/08/2018",2394
"2421","REPUBLICANOS","23/01/2018",3312
"2422","REPUBLICANOS","23/08/2018",2732
"2423","REPUBLICANOS","23/09/2018",1591
"2424","REPUBLICANOS","24/01/2018",2780
"2425","REPUBLICANOS","24/04/2018",661
"2426","REPUBLICANOS","24/07/2018",4073
"2427","REPUBLICANOS","24/08/2018",2326
"2428","REPUBLICANOS","24/10/2018",447
"2429","REPUBLICANOS","25/01/2018",6267
"2430","REPUBLICANOS","25/04/2018",2545
"2431","REPUBLICANOS","25/05/2018",43
"2432","REPUBLICANOS","25/06/2018",5356
"2433","REPUBLICANOS","25/07/2018",4607
"2434","REPUBLICANOS","25/09/2018",5791
"2435","REPUBLICANOS","26/02/2018",569
"2436","REPUBLICANOS","26/03/2018",2041
"2437","REPUBLICANOS","26/09/2018",3469
"2438","REPUBLICANOS","26/10/2018",3180
"2439","REPUBLICANOS","26/11/2018",2578
"2440","REPUBLICANOS","26/12/2018",1515
"2441","REPUBLICANOS","27/03/2018",5532
"2442","REPUBLICANOS","28/02/2018",6226
"2443","REPUBLICANOS","28/03/2018",9334
"2444","REPUBLICANOS","28/06/2018",2321
"2445","REPUBLICANOS","28/08/2018",2266
"2446","REPUBLICANOS","28/09/2018",1206
"2447","REPUBLICANOS","29/03/2018",2623
"2448","REPUBLICANOS","29/08/2018",1634
"2449","REPUBLICANOS","30/04/2018",2135
"2450","REPUBLICANOS","30/07/2018",3703
"2451","REPUBLICANOS","30/08/2018",934
"2452","REPUBLICANOS","30/11/2018",2265
"2453","REPUBLICANOS","31/01/2018",3661
"2454","REPUBLICANOS","31/03/2018",2135
"2455","REPUBLICANOS","31/10/2018",9173
"2456","REPUBLICANOS","31/12/2017",9156
"2457","REPUBLICANOS","31/12/2018",658
"2458","SDD","01/03/2018",580
"2459","SDD","02/04/2018",1714
"2460","SDD","03/01/2018",2146
"2461","SDD","03/04/2018",1988
"2462","SDD","04/04/2018",2349
"2463","SDD","05/02/2018",2391
"2464","SDD","05/07/2018",995
"2465","SDD","06/02/2018",752
"2466","SDD","06/04/2018",2729
"2467","SDD","06/12/2018",1762
"2468","SDD","07/06/2018",354
"2469","SDD","07/08/2018",1311
"2470","SDD","09/04/2018",127
"2471","SDD","11/09/2018",628
"2472","SDD","11/12/2018",1398
"2473","SDD","12/03/2018",4164
"2474","SDD","12/04/2018",329
"2475","SDD","12/12/2018",580
"2476","SDD","13/03/2018",666
"2477","SDD","13/07/2018",731
"2478","SDD","13/08/2018",293
"2479","SDD","13/11/2018",293
"2480","SDD","14/06/2018",580
"2481","SDD","14/09/2018",580
"2482","SDD","14/11/2018",1213
"2483","SDD","15/10/2018",1564
"2484","SDD","16/07/2018",5780
"2485","SDD","16/10/2018",2634
"2486","SDD","17/09/2018",293
"2487","SDD","18/07/2018",2217
"2488","SDD","18/09/2018",2884
"2489","SDD","18/10/2018",580
"2490","SDD","19/10/2018",4387
"2491","SDD","19/11/2018",1119
"2492","SDD","19/12/2018",293
"2493","SDD","20/06/2018",2884
"2494","SDD","20/12/2018",1950
"2495","SDD","21/02/2018",1025
"2496","SDD","21/08/2018",2884
"2497","SDD","21/11/2018",789
"2498","SDD","21/12/2018",2884
"2499","SDD","22/08/2018",1759
"2500","SDD","22/10/2018",3081
"2501","SDD","22/11/2018",3615
"2502","SDD","23/03/2018",3430
"2503","SDD","24/04/2018",1005
"2504","SDD","24/05/2018",3003
"2505","SDD","24/09/2018",731
"2506","SDD","24/10/2018",329
"2507","SDD","25/01/2018",4339
"2508","SDD","25/04/2018",156
"2509","SDD","25/05/2018",2779
"2510","SDD","25/06/2018",6103
"2511","SDD","25/07/2018",1204
"2512","SDD","26/01/2018",4643
"2513","SDD","26/02/2018",4001
"2514","SDD","26/03/2018",4339
"2515","SDD","26/11/2018",2779
"2516","SDD","27/02/2018",8698
"2517","SDD","27/03/2018",752
"2518","SDD","27/08/2018",2779
"2519","SDD","28/03/2018",5364
"2520","SDD","28/06/2018",666
"2521","SDD","29/06/2018",4631
